cell_id,lat,lon,pop,emp,wage,rent
107,37.96656248339835,-122.57211435059041,6898.5325663769745,1140.6938042473278,0.9270186064681274,1.1794283856534191
108,37.96647746386785,-122.54934563280968,11506.159362877695,5928.114824255178,0.9483546066587504,1.3390135362056392
109,37.96638803778822,-122.52657701331678,18669.998389536828,35939.826741021476,1.0772342968897335,1.487578995164045
110,37.96629420521925,-122.50380849707676,29727.549609396505,50089.7847232137,1.140914953872714,1.86974273359387
111,37.96619596622364,-122.48104008905453,1289.2782113632877,1140.6938042473278,0.9340654014977721,0.777634023176849
113,37.96598626921795,-122.43550361752231,1.045445192627932,1140.6938042473278,1.0235687159910274,0.12932630855782673
114,37.965874811347994,-122.41273556394131,4.516209425102738,1140.6938042473278,0.9402195874744537,0.21612443706592885
115,37.965758947331615,-122.38996763843615,95.2701918800716,1140.6938042473278,0.9325275571425152,0.45196343828994817
116,37.96563867724623,-122.36719984597094,15820.58614420682,1140.6938042473278,0.9128652369904572,1.6821547183486405
117,37.965514001172195,-122.3444321915095,42909.89054280424,18383.53369351656,1.1127043776434913,1.7750643197276994
118,37.96538491919279,-122.32166468001563,18718.149097563997,12068.391698557654,1.067818282184555,1.6640511240631408
119,37.96525143139432,-122.29889731645282,13249.152414439652,1659.190987996113,1.0428197573334712,1.4846240810049396
120,37.965113537865925,-122.27613010578443,9690.928636355844,1659.190987996113,0.8732305856487917,1.2792741461918609
121,37.96497123869973,-122.25336305297348,3415.2167575855747,1659.190987996113,1.053371092784424,1.1272949712674287
122,37.96482453399083,-122.23059616298295,404.30014362628276,1140.6938042473278,0.986813651203885,0.6516882902752602
123,37.964673423837226,-122.20782944077546,49.9530832273285,1140.6938042473278,0.860944547066637,0.3764510445638653
124,37.96451790833987,-122.18506289131346,125.44453247920619,1140.6938042473278,0.9718099499578661,0.5029690302243364
125,37.96435798760269,-122.16229651955922,95.04407872560328,1140.6938042473278,0.9840963550783924,0.41923935125932027
126,37.96419366173249,-122.13953033047461,624.988250437644,1140.6938042473278,0.8794598513873515,0.7020020760249422
157,37.94853705665113,-122.57221891319674,1195.6178330389462,1738.2000826625947,0.8845023362057719,0.8249801966288077
158,37.94845209190758,-122.54945575897048,9454.469454372753,6637.751077825606,1.1278408575580519,1.4652250173205035
159,37.9483627234544,-122.52669270293849,15712.06135771207,20554.11444100072,1.1441260520812742,1.6537379160666552
160,37.94826895135127,-122.50392975006118,4343.7347549533015,44600.54151098939,1.1363454219678337,1.1722952960779898
161,37.94817077566082,-122.48116690529858,2972.641728152515,1140.6938042473278,1.037190637511538,1.0268691760781319
164,37.947849827736114,-122.41287906929905,7.840988050796347,1140.6938042473278,0.9090131670826512,0.23551135651495458
165,37.94773403838162,-122.39011670659427,179.63525891937255,1206.6843549062642,0.8703558678474909,0.5301014441455721
166,37.94761384579711,-122.36735447680284,25245.435128329867,1140.6938042473278,1.001159197876245,1.760373658452014
167,37.947489250062844,-122.34459238488382,48137.268433693156,8446.790522331401,1.0592084919289613,2.036282059212855
168,37.94736025126206,-122.32183043579629,24216.752662929135,17285.71945354964,1.0970761825104858,1.5534143256028994
169,37.94722684948094,-122.29906863449905,1996.4220155429705,1140.6938042473278,0.9190995628864096,0.9399537911774982
170,37.94708904480854,-122.27630698595068,2721.318834865926,1140.6938042473278,0.8897430746657213,0.961330074491583
171,37.94694683733693,-122.25354549510953,427.87282140523666,1140.6938042473278,0.9905733344714212,0.6572727173251919
172,37.94680022716108,-122.23078416693384,73.72055039001633,1140.6938042473278,0.8930039804217078,0.3998633217177647
173,37.946649214378894,-122.20802300638155,43.472801039871,1140.6938042473278,0.9021533887497241,0.3215605271924179
174,37.94649379909124,-122.18526201841031,124.45628504270721,1140.6938042473278,0.9525067062959829,0.4793156938315092
175,37.94633398140192,-122.16250120797768,87.0840267480803,1140.6938042473278,0.9046342605129353,0.3955856901947389
176,37.94616976141766,-122.13974058004091,9.076972714886042,1140.6938042473278,1.0028985073278278,0.22089152505803358
207,37.930511574290705,-122.5723233825692,288.3996967791968,1140.6938042473278,0.9693085494190188,0.5395986839074984
208,37.93042666430775,-122.54956578693697,2578.435102950061,1140.6938042473278,0.9460776588931847,0.9200000166488141
209,37.930337353453254,-122.52680828940562,12015.28131408719,28111.022588879336,1.1322060686498019,1.3799529615979496
210,37.93024364178686,-122.50405089493074,4242.02201126255,6693.865018679651,1.0371012830828876,1.1703124629504116
211,37.930145529371124,-122.48129360846782,1648.0797162328895,1140.6938042473278,0.915452153481926,0.8500334455110238
213,37.929936102556645,-122.43577937939874,0.0003934673876897882,1140.6938042473278,0.8926271565277215,0.019512646392420216
214,37.929824788297736,-122.41302244670281,0.8073248407330478,1140.6938042473278,0.9988551807915109,0.13666598211405526
215,37.929709073569185,-122.3902656418391,3239.776454561559,1140.6938042473278,0.9528254860704991,0.9871124908491359
216,37.92958895844823,-122.3675089697622,22715.942905807056,5594.7265102985775,0.940689302102213,1.8161906653420237
217,37.92946444301508,-122.3447524354266,35143.7892232935,12715.585899261625,0.9617537914624017,2.0299530363344713
218,37.929335527352876,-122.32199604378665,30604.571112244827,11183.50138429332,1.1141431042589454,1.8609400291256422
219,37.929202211547704,-122.29923979979633,10049.953132885232,4584.575162683541,1.00130651284872,1.3829342511958513
220,37.92906449568855,-122.27648370840963,788.9742006714528,1140.6938042473278,0.9751467211377826,0.7142116916361348
221,37.92892237986738,-122.25372777458016,0.0003934673876897882,1140.6938042473278,0.9065765050652534,0.021065044863329198
222,37.92877586417907,-122.23097200326136,0.008381511866225785,1140.6938042473278,0.8639829590498571,0.044461663856154306
223,37.92862494872146,-122.20821639940645,30.364708301068454,1140.6938042473278,1.033924158677843,0.3364333013385741
224,37.92846963359528,-122.18546096796854,121.99286584628335,1140.6938042473278,0.8981364948819026,0.42312483815750257
225,37.92830991890422,-122.16270571390028,47.02352777693549,1140.6938042473278,0.9981479795010196,0.3286876853950794
226,37.92814580475494,-122.13995064215429,8.758191181686465,1140.6938042473278,0.9041707077434749,0.2254535582478314
257,37.9124860363259,-122.57242775879647,1674.4056474935767,1140.6938042473278,0.9578135370161045,0.9220898144111405
258,37.9124011810772,-122.54967571680254,8362.74339052577,23330.149907060248,1.2030972593645624,1.2841166805104849
259,37.91231192779369,-122.5269237728162,10650.635269025004,6414.78181347755,1.0211581540992896,1.3534684458211446
260,37.912218276534944,-122.50417193178838,10315.839336253572,10644.1396294975,1.0796497437877748,1.2487235618033108
261,37.91212022736347,-122.48142019866972,3035.497747334412,1140.6938042473278,0.8851370319908455,1.0097824622585876
264,37.91179969304191,-122.41316569627436,0.0003934673876897882,1140.6938042473278,0.8774909744747786,0.018071334339180425
265,37.9116840529034,-122.390414444297,1210.798384105113,1140.6938042473278,0.9874417455700544,0.8149525746230307
266,37.911564015208754,-122.36766332498023,1854.4588269650105,1140.6938042473278,0.8876302206345636,0.9455904529009918
267,37.9114395800381,-122.34491234327383,8118.478495639076,2149.1916590722926,0.9989742206386039,1.3275499865691642
268,37.91131074747449,-122.32216150412728,21678.51476327157,5820.320209992215,0.9960499748900177,1.58633809810644
269,37.9111775176039,-122.29941081249008,25842.11767973171,20334.076793277396,1.001548461467217,1.7942087659287593
270,37.911039890515276,-122.27666027331132,12759.805109099563,1306.9859455050785,0.9617589660896727,1.4746391332932987
271,37.91089786630047,-122.25390989153999,589.5730475714626,1140.6938042473278,1.0012724561727337,0.6249952096825216
272,37.91075144505428,-122.23115967212485,2.870295098610249,1140.6938042473278,0.9686561374476121,0.1927095867561757
273,37.910600626874405,-122.20840962001442,267.7151177397326,1140.6938042473278,1.0351833261153163,0.5710024866561589
274,37.91044541186152,-122.18565974015696,3632.578166323232,1327.8977206331597,0.9476875755658634,1.1145691850710007
275,37.91028580011921,-122.16291003750061,2492.2221796876206,1286.7225975127515,0.9441440427449763,0.8996778738910254
276,37.910121791754015,-122.14016051699312,1817.2366313345183,1140.6938042473278,0.925814485445521,0.819513160973941
307,37.894460442765535,-122.57253204196714,792.6137759982919,1140.6938042473278,0.9302924975708451,0.7646435703616337
308,37.894375642224766,-122.5497855486605,8572.709121575817,6363.6433966054865,1.0310109247135535,1.396307651691785
309,37.894286446484564,-122.5270391532683,15450.802967506077,36316.10933554671,1.03206434271103,1.4213748346580495
310,37.89419285560444,-122.50429286073674,10352.233325463314,20046.508779976848,1.0524858329157503,1.3380770628122907
311,37.89409486964684,-122.48154667601183,4947.017292905314,3212.7799967401947,0.914559583909995,1.1803472320557669
312,37.893992488677156,-122.4588006040395,1818.6621464792358,1140.6938042473278,0.9796280604849731,0.9215710780741885
313,37.8938857127637,-122.43605464976542,24.43375559900124,1140.6938042473278,0.9919477016677402,0.2875579890727654
316,37.89353901608784,-122.36781754258789,4.178274077918767,1140.6938042473278,0.9434792082011624,0.18280423029237503
317,37.893414661141094,-122.34507210856103,0.0003934673876897882,1140.6938042473278,1.0055301383344217,0.019986773538916695
318,37.89328591163612,-122.32232681695858,1109.6459405470591,1140.6938042473278,0.9387348222230579,0.7452787744926711
319,37.89315276765884,-122.29958167272528,41782.21357639496,43940.09815287839,1.1804915157546239,1.9741012315993693
320,37.89301522929808,-122.27683668080554,30421.3105750217,20915.40449032912,1.0165465304656613,1.7737774458241646
321,37.892873296645604,-122.25409184614362,10550.95375868532,1371.7951659433465,0.8643115115044242,1.4602874190167692
322,37.892726969796115,-122.23134717368357,182.33600399807997,1140.6938042473278,0.8676194208135981,0.4582366355457902
323,37.89257624884724,-122.20860266836927,3333.1649817456655,4584.575162683542,1.0081110748624615,1.0974830855648214
324,37.89242113389954,-122.1858583351443,6876.848716957851,22617.420708533333,1.1286031517853152,1.3055106456582495
325,37.8922616250565,-122.16311417895199,5780.878785190445,2418.573814130255,1.0508904029962067,1.2296569358471594
326,37.89209772242454,-122.14037020473546,4456.546945956906,2049.224877520308,1.071361472284067,1.1606870354174026
357,37.87643479361847,-122.57263623216964,18.78204413417948,1140.6938042473278,0.987463666484822,0.26553022648348684
358,37.87635004775936,-122.54989528260398,3662.907924827636,4419.464351646458,0.9491180769239221,0.994629567627421
359,37.876260909534814,-122.52715443085978,9078.489132425058,9741.534204382764,1.1275963796705024,1.3023392634341928
360,37.87616737900431,-122.50441368187843,6413.443867017756,38360.042327879775,1.072381828870699,1.2095374762322977
361,37.87606945623021,-122.48167304060138,1003.8916943586313,1140.6938042473278,0.8651442423287824,0.6990219919000548
362,37.87596714127784,-122.45893251196972,6331.519310711345,6294.847329805807,0.9501432421498571,1.1021365675093002
363,37.875860434215475,-122.43619210092459,579.5305452355263,1140.6938042473278,0.9824485455151794,0.7145025297643035
364,37.87574933511425,-122.41345181240676,0.16415535663441508,1140.6938042473278,1.027947849987441,0.08126282092124998
368,37.87526101984707,-122.32249198242076,30.197243512550234,1140.6938042473278,0.9003606767656805,0.34645543960923475
369,37.87512796172182,-122.29975238064688,25874.03035269543,37126.528275789715,1.0569255417930696,1.8622927020183904
370,37.8749905120463,-122.2770129310419,53647.124749331335,94144.7748492048,1.2040031661595838,2.0632839021600717
371,37.874848670912186,-122.25427363854534,38809.14500863066,4689.145437975912,0.9684178034222407,2.0376219442240715
372,37.874702438414076,-122.23153450809663,1030.721552378799,1140.6938042473278,0.9462595695875103,0.8291458193037504
373,37.8745518146495,-122.20879554463485,459.9154435614277,1140.6938042473278,0.8626265163095511,0.6511306413459155
374,37.874396799718916,-122.18605675309892,3565.775287389491,45776.95563601084,1.0723783396948667,1.0572515609558633
375,37.87423739372571,-122.16331813842754,6743.789878674936,5487.180663773386,1.1007531669024313,1.1877150033299375
376,37.874073596776206,-122.14057970555909,3844.578359923871,1886.2183531721018,0.9110310360592412,1.0086936312618777
407,37.85840908889359,-122.57274032949232,236.45040881793923,1140.6938042473278,0.9497520479463383,0.5843839429009304
408,37.858324397689884,-122.55000491872606,138.26986178828946,1140.6938042473278,1.0164162517736424,0.5065096281082048
409,37.8582353169534,-122.52726960568829,403.7568705702209,1140.6938042473278,0.9295866305770999,0.6289416305816838
410,37.85814184674352,-122.50453439531587,3910.8648187073495,15674.852139944785,1.1467587933580325,1.1789812450577246
411,37.85804398712259,-122.48179929254543,3226.510234848365,23365.36371604421,1.136814451173765,1.1324414590376808
412,37.85794173815586,-122.45906430231348,335.4143189905559,1140.6938042473278,1.0308504219217798,0.5463344763298659
413,37.85783509991151,-122.43632942955631,17.19339725009239,1140.6938042473278,1.0245665915390159,0.2663331291938829
414,37.857724072460655,-122.41359467921022,3.53988251461892,1140.6938042473278,0.9778851363535788,0.19774450067000632
418,37.85723607211663,-122.32265700065378,1.4002741902752356,1140.6938042473278,0.9422232208286399,0.14668629257295496
419,37.85710309980222,-122.29992293639951,13031.507724338231,23628.300685132937,1.0373833549603064,1.488577004779677
420,37.85696573876936,-122.27718902416972,55331.65698112484,12650.23534730654,1.0102398712077478,2.0998896635030246
421,37.85682398910967,-122.2544552688992,58261.76213494889,20576.927869025738,1.0799902193810702,2.243361104508466
422,37.85667785091764,-122.23172167552265,8794.546046506643,1371.7951659433465,0.9200747595070079,1.3391186658971703
423,37.85652732429071,-122.20898824897446,2865.2287476698325,1371.7951659433465,0.956839354932076,1.0328828420719338
424,37.85637240932924,-122.18625499418897,1254.742223598771,1140.6938042473278,0.8545047213055398,0.8533537241366348
425,37.85621310613653,-122.16352191610008,3793.606692389725,1140.6938042473278,0.9513302713652981,1.0618830497427314
426,37.85604941481875,-122.14078901964153,6883.274058958799,5750.055769346467,0.9367522706800696,1.1453462784141684
458,37.84029869202526,-122.5501144571195,11.869852077368563,1140.6938042473278,0.9798649183713952,0.22928878946896136
459,37.84020966874925,-122.52738467785143,39.22559692180342,1140.6938042473278,0.8934858990505905,0.31204019792711535
460,37.840116258831074,-122.50465500115126,83.27150712598107,1140.6938042473278,0.8998190055601937,0.41819712091964567
461,37.84001846233302,-122.48192543195098,683.4729074441797,4934.80561290051,1.0038254000604856,0.76012793999264
466,37.83946368352842,-122.36827937105545,538.2927736303529,1140.6938042473278,1.0071504965647353,0.6574902157238324
468,37.83921106845411,-122.32282187179743,6.6843971122099415,1140.6938042473278,0.9152952881991205,0.2310322819635714
469,37.83907818190936,-122.30009334012775,11487.031238300095,29358.00413811855,1.1471947022429296,1.3594293462944598
470,37.83894090947667,-122.27736496033825,45602.84948145255,20036.133686616733,1.0101239308653118,1.9125934619756229
471,37.838799251247515,-122.25463673735906,37116.77855754673,17746.65385326105,1.188744102315155,1.7572593646547068
472,37.838653207316334,-122.2319086761202,16099.485925025116,6425.5599934803895,0.9742229511335638,1.614281266510379
473,37.83850277778046,-122.20918078155145,13611.585559472713,9169.150325367083,1.1139912812459438,1.3361480855959087
474,37.83834796274016,-122.18645305858234,4284.958751092928,4383.239234010012,0.9347448845433033,1.2064388349921198
475,37.83818876229861,-122.16372551214216,1147.9441371075063,1140.6938042473278,0.9587822092996637,0.8492586489439378
476,37.83802517656191,-122.14099814716002,5616.302035552262,1140.6938042473278,0.9960512297403878,1.1583810511185082
508,37.822272930774446,-122.55022389787717,1.6084952103525743,1140.6938042473278,0.9732121171641265,0.1690365248721037
509,37.822183964931355,-122.52749964744669,61.77053030078582,1140.6938042473278,1.0046882057866828,0.3715107595788232
510,37.82209061527598,-122.50477549948678,14.064098798959822,1140.6938042473278,1.001414241813924,0.28519860778749345
511,37.821992881870536,-122.4820514589248,0.13848240218073038,1140.6938042473278,1.0097808042666419,0.08742882946487576
514,37.82167337981961,-122.41388003089675,0.0003934673876897882,1140.6938042473278,0.8528668003400885,0.020323862292509542
516,37.821438460973795,-122.3684330395275,2924.6524628061416,1206.6843549062642,0.9198549737888668,1.0396741255952764
517,37.82131442653776,-122.34570974681718,0.0003934673876897882,1140.6938042473278,0.9291857846813576,0.02115874210236922
518,37.821186008868864,-122.32298659599131,12.205205240157,3212.7799967401947,1.0952721349199612,0.23098479161508054
519,37.82105320805265,-122.3002635919758,6397.027886306705,2413.3687098125283,0.894557497035813,1.2905533283244872
520,37.820916024177635,-122.27754073969636,40576.38646908529,23271.557449023083,0.9995128507001908,2.00704636589223
521,37.820774457335204,-122.25481804407853,55447.81993750157,53630.72386955223,1.1547200618811648,1.9923045488632287
522,37.82062850761969,-122.23209551004763,26510.43225755886,11912.740657253777,0.9966527346491234,1.83295012670025
523,37.82047817512833,-122.20937314252873,14595.803070504546,23753.419676029665,1.1007909465254475,1.465551596798271
524,37.82032345996129,-122.18665094644675,5952.64893806469,2945.0483303451783,0.9656203539672964,1.2533799432822395
525,37.820164362221654,-122.16392892672626,237.91568731583834,1140.6938042473278,0.8571165534153282,0.5364895144712197
526,37.820000882015414,-122.1412070882917,438.7313105606856,1140.6938042473278,0.8950050075791395,0.6846050418520437
561,37.80396724574421,-122.48217737357359,1559.5459920071262,1140.6938042473278,0.9226641812299998,0.794562940518087
562,37.80386519454458,-122.45945896894126,7629.3856072753115,14993.890356650978,1.0882087171925532,1.2491100597006386
563,37.803758762556384,-122.43674068144982,54015.55221558915,36620.187847475136,1.2181665545451321,2.0385365207129285
564,37.80364794985051,-122.41402251602136,99665.50533100538,212340.68118208484,1.295875500544677,2.649986884909203
565,37.803532756500765,-122.39130447757788,9067.790675527574,195770.44046616883,1.303856772104421,1.2172759751333408
566,37.803413182583874,-122.36858657104126,169.46524892954682,1140.6938042473278,1.0406042037185443,0.5215869198974877
567,37.80328922817951,-122.34586880133307,0.001864961411244388,1140.6938042473278,0.9194073793064503,0.02826907458868836
568,37.80316089337022,-122.32315117337478,235.21946981444435,1140.6938042473278,0.964765225292449,0.4835470618409074
569,37.8030281782415,-122.30043369208768,11457.236477011726,3620.0531027063453,1.0289855436222874,1.3111403009828846
570,37.80289108288173,-122.27771636239282,41240.83329733815,432075.5329125338,1.177191367918543,1.9955977829713771
571,37.802749607382246,-122.25499918921102,61113.87968724848,243937.82102683562,1.2589417733378367,2.213007910909549
572,37.80260375183725,-122.23228217746298,50739.986365007804,16292.642178112796,1.1171520121339695,1.9763852855285118
573,37.802453516343924,-122.2095653320691,38605.999804261104,19270.832403820266,1.0326903884130443,1.848322465867469
574,37.80229890100231,-122.18684865794958,16958.21897766677,4923.052125874907,1.0654569150780897,1.619168740874728
575,37.802139905915396,-122.1641321600244,2306.7778628802866,1371.7951659433465,0.9405259015637704,0.85964765265179
576,37.80197653118906,-122.14141584321324,119.50120228435955,1886.2183531721018,0.9986389658126372,0.4914191903012902
610,37.78603916127403,-122.50501617406596,17931.215587267852,3620.053064718793,0.9777201981559697,1.554834641502093
611,37.78594155396315,-122.48230317600381,53513.51745253968,35768.49216365858,1.170536755838369,2.005943989784711
612,37.785839568622755,-122.45959029005387,65710.65216046956,53368.81093935317,1.2103694406989336,2.23101033938201
613,37.785733205320746,-122.43687752113372,111826.03897518378,41242.81274308595,1.0609162778684502,2.5696724751056537
614,37.78562246412797,-122.41416487416092,186555.79243995014,557933.9881939117,1.2161766329536656,2.9196625809662047
615,37.785507345118155,-122.3914523540528,37198.17043061701,684861.510443383,1.2104127765543518,1.9716267255685753
618,37.78513572196759,-122.32331560408706,732.6727581656016,1140.6938042473278,0.9778577551888143,0.7260705524201336
619,37.785003092485326,-122.3006036406073,3951.1629153641566,1140.6938042473278,1.0207899560455085,1.0964680300095957
620,37.78486608559844,-122.27789182857616,23512.407325930515,63679.122875611676,1.1863365630152698,1.7907565214886902
621,37.78472470139816,-122.25518017290979,23002.384392462256,13761.717551984433,1.1605650292578604,1.782592367002012
622,37.784578939978616,-122.23246867852414,59341.042294701285,16612.24842222216,1.0826006154856525,2.0378470451098414
623,37.78442880143688,-122.2097573503351,67166.59338820033,9272.344539529262,1.135726919070709,2.0235081168430558
624,37.78427428587291,-122.18704619325807,31119.808256024826,11685.713211354236,1.03926292319354,1.7404327091266623
625,37.78411539338958,-122.16433521220841,7243.415083324089,4584.575162683541,1.0023792610409252,1.2456975179373575
626,37.78395212409266,-122.14162441210122,2998.1400257251407,1886.2183531721018,1.0212424552317247,0.9515884205725867
660,37.76801335084532,-122.50513635051307,36292.78888505746,6033.421812518874,0.9934785682007686,1.913772276168501
661,37.76791580653647,-122.48242886632184,57613.29170391117,24395.112615412214,1.0395098090980521,2.0765274198877126
662,37.76781388702378,-122.45972149413655,59453.08194089706,11138.095849528348,0.989683195337688,1.9957329640941306
663,37.76770759237512,-122.43701423887029,107595.28603735054,8348.297584451166,1.0166900254660456,2.2960457954691575
664,37.767596922661205,-122.41430710543582,84963.35862892563,55917.50711140437,1.2167087075315424,2.2021079689153717
665,37.767481877955746,-122.39160009874588,26395.45702405881,18346.557017515304,1.0190868408147653,1.5882541267351862
666,37.76736245833531,-122.36889322371292,1.1884301087921396,1140.6938042473278,0.8999137710925594,0.1558970558960037
668,37.76711049467036,-122.32347988826707,3.4743165399247946,1140.6938042473278,0.8584266580474921,0.17745978392100925
669,37.766977950793574,-122.3007734376783,1315.6313763407434,1140.6938042473278,0.9574834278026014,0.8547903978029667
670,37.76684103233724,-122.27806713839468,20780.23969879381,15647.205678308621,1.0573396204147938,1.6313713592058228
671,37.766699739392486,-122.2553609953277,44665.44706197087,19379.874536491327,1.0173700213138224,2.1014780017078936
672,37.766554072053374,-122.23265501338877,28147.382249479244,32823.10046065363,1.021932497273209,1.8281533860982921
673,37.766404030416844,-122.20994919748895,30877.960332289113,17311.861727969193,1.0779872455891288,1.82772222113886
674,37.766249614582776,-122.18724355253913,55882.30954834216,20447.59043075517,1.1798557293186807,2.2295164240555563
675,37.766090824653936,-122.16453808345,31447.795386378668,1371.7951659433465,1.0025036100126223,1.9701656796379325
676,37.76592766073602,-122.14183279513189,7495.726292525167,1886.2183531721018,0.9679632455019672,1.333473320336389
710,37.74998748481025,-122.50525641986735,44263.56637487408,1206.6843549062642,0.9633865212137334,2.035716843142884
711,37.7498900034733,-122.48255444463385,66532.70923210467,46854.302514658986,1.0782635120701611,2.00192607174851
712,37.749788149756846,-122.45985258130027,44258.12211251294,9584.679000375754,1.069518381904618,1.8238894945263753
713,37.74968192372869,-122.43715083477501,68295.0751343028,2336.1409110985273,0.9661902703467111,2.1621089816536965
714,37.749571325459485,-122.41444920996622,99532.69723658082,11344.324401492402,0.9609423761127492,2.616692923179598
715,37.74945635502286,-122.3917477117819,18493.63010603108,2578.4795208496107,0.9790709595702826,1.5660275663470822
716,37.74933701249529,-122.36904634513,502.6923088832913,1140.6938042473278,0.9371617027899668,0.6258430018659226
721,37.74867472137481,-122.25554165661757,10361.284066819322,5956.370328626888,0.9451541043295575,1.4264692606846776
722,37.74852914807115,-122.23284118221419,14354.970785840927,5907.547621015193,0.945521779077098,1.469389385644228
723,37.748379203293496,-122.21014087369275,1235.6840315605266,29576.610435753657,1.2002373596004654,0.7535869720853197
724,37.74822488714165,-122.18744073595951,30399.23382466367,1371.7951659433465,0.8814481379908665,1.8671810452719242
725,37.748066199718295,-122.16474077392043,49507.70166055957,1371.7951659433465,1.0495158771450346,2.0333428686115944
726,37.74790314112898,-122.14204099248134,14575.066243032708,1140.6938042473278,0.9281490015079484,1.455807877732667
760,37.73196156317795,-122.50537638223015,17140.924246446302,1140.6938042473278,0.8592993047518864,1.5223231817958087
761,37.7318641447828,-122.48267991104586,37518.71080073477,10956.474204306653,1.0576849497120353,1.8819198426340515
762,37.731762356831155,-122.45998355165564,46228.45491725829,33156.98979682559,1.2291606138012283,1.8683659190707715
763,37.7316561993907,-122.43728730896318,69785.0393425882,12066.8436630253,1.0113945439556273,2.0388253573946247
764,37.731545672532064,-122.41459118787205,70812.6607081205,5467.573635064518,1.076116148842697,2.1135310651092527
765,37.73143077632879,-122.39189519328556,53052.76419242211,3620.053064718793,0.9211962144294316,2.1515403795595653
766,37.73131151085729,-122.369199330107,7892.47766057557,1140.6938042473278,1.0172353227979773,1.3641308727001287
767,37.73118787619687,-122.34650360323933,50.50087299792204,1140.6938042473278,0.9668368648306556,0.3752507827740317
771,37.730649647354724,-122.25572215693195,7029.203846740918,1140.6938042473278,0.8792887103375381,1.2757581607675859
772,37.73050416804156,-122.23302718515765,10601.187274997485,10974.361175596561,1.1431839147121154,1.4486173531053785
773,37.73035432007653,-122.21033237910838,283.1657166400932,30291.251654633063,1.09369410093088,0.5358936241594369
774,37.7302001035593,-122.18763774368563,19357.80444472469,19432.479698807772,1.093959674375095,1.5766450001949823
775,37.73004151859242,-122.16494328379083,42905.42685656589,40182.453562361094,1.110760357903163,1.964775345685835
776,37.72987856528142,-122.14224900432521,33265.60460688497,29630.844276319207,1.2256750676781638,1.8718489032224883
810,37.713935585957536,-122.5054962377027,2298.079078158634,1140.6938042473278,0.8769715869731132,0.9305680436178537
811,37.71383823047416,-122.48280526566381,31600.473229568735,1140.6938042473278,1.0021205538169544,1.8548836761394036
812,37.713736508255906,-122.46011440531322,80310.98557374583,2413.3687098125283,0.9790527511867095,2.5135895814487608
813,37.713630419370425,-122.43742366155006,84386.18792512565,19020.75806188659,1.0962182014932897,2.339539306544185
814,37.71351996388826,-122.41473303927314,54614.899593972696,1140.6938042473278,1.028036606542471,2.1069385830469485
815,37.71340514188287,-122.39204254338128,22727.882499943556,11563.25630373782,1.138894588078783,1.6061095598871324
816,37.713285953430606,-122.36935217877306,44.465602174835446,1140.6938042473278,1.0058023511439629,0.3376334615365992
821,37.71262451734181,-122.25590249642308,14.279912644786004,1140.6938042473278,0.9801271447822832,0.25601540887599294
822,37.7124791319743,-122.23321302237608,406.3918285296397,1140.6938042473278,0.8818853600034114,0.6600114250760485
823,37.71232938077565,-122.2105237138973,15.52861087883762,1140.6938042473278,0.9589845123755038,0.2722697894460784
824,37.712175263845445,-122.18783457588378,8041.52495811063,5227.943673441716,0.9440461625737986,1.2509086839123709
825,37.712016781286174,-122.16514561323223,18531.77779261744,12390.803334559483,1.0678733627600698,1.4811582031111934
826,37.71185393320318,-122.14245683083905,29698.020802836756,5658.655059516305,0.9686553027985192,1.6635339145222214
860,37.6959095531582,-122.50561598638612,3102.2528405314556,1140.6938042473278,1.0412760062564637,0.9568286001118989
861,37.695812260556565,-122.48293050859341,38924.54707447641,14342.620087288258,1.1770411226259188,1.9527867631987332
862,37.695710604040336,-122.4602451423834,53667.1144488237,38589.13359956173,1.0217776363307436,2.221775174579314
863,37.69560458367711,-122.43755989265057,10829.756025364268,1140.6938042473278,0.9050958063256564,1.5097605116369937
864,37.695494199537364,-122.41487476428921,10840.665469359905,4082.10066068108,0.9107295619627114,1.4199673071544932
865,37.695379451694464,-122.3921897621934,922.6869386001421,4210.67076023009,1.0058965631541865,0.6862335118687756
872,37.69445403987901,-122.23339869402618,0.0003934673876897882,1140.6938042473278,0.8652559011583478,0.017638224221670332
873,37.694304385400585,-122.210714878221,0.0003934673876897882,1140.6938042473278,0.9930622332147151,0.01814060273526395
874,37.694150368009915,-122.18803123271994,8640.064847797275,1140.6938042473278,0.9043671460146531,1.3834440963051464
875,37.693991987809355,-122.16534776241502,18092.017947417364,6278.741606668511,0.9340337634931303,1.7348940122883938
876,37.6938292449042,-122.14266447219818,33443.9022467229,3010.4908648176897,0.8969111688433773,1.804858762165409
910,37.67788346478914,-122.50573562838137,157.91799884590645,1140.6938042473278,1.0192333770425608,0.4482010012574716
911,37.677786235039235,-122.48305563994022,38003.34773151596,4598.702653288345,0.9470563907555988,2.087927290634591
912,37.67768464419371,-122.46037576297638,16468.043473888774,4424.509336144892,1.104156261874574,1.5457842615126969
913,37.67757869232007,-122.43769600237962,2956.8779704994135,1140.6938042473278,1.0021311197345888,1.0153002112409626
914,37.67746837948871,-122.41501636303967,4165.871315943835,1140.6938042473278,0.9556625389755465,0.9924943940398473
915,37.67735370577294,-122.3923368498459,2719.9430399153694,1206.6843549062642,1.0439136308206884,1.0061186947579626
916,37.67723467124898,-122.36965746768776,0.18687357379100009,1140.6938042473278,1.0141796207856153,0.08653328415912251
924,37.6761254160625,-122.18822771435983,20.588105865875235,1140.6938042473278,1.018771736952761,0.3091059521510689
925,37.67596713817186,-122.16554973150973,9281.19044724844,2199.172860446067,1.064645687265934,1.3098318741966042
926,37.67580450039438,-122.14287192857756,29124.488575924872,4131.75101866539,1.0422925502937386,1.8185248729715051
960,37.659857320859544,-122.50585516378925,226.20735280498693,1140.6938042473278,0.9284897405902186,0.5077455189761004
961,37.659760153931444,-122.48318065980972,33168.0413890989,2299.3513266441723,0.9264565917296159,1.9692609166840827
962,37.65965862872532,-122.4605062672022,41259.42523453985,23832.361088332756,1.1605422583965825,2.0252827353541583
963,37.65955274530861,-122.43783199085189,34627.47637881373,7822.121638625973,1.0855584197005061,1.9567493241410978
964,37.65944250375166,-122.41515783564384,40774.556999664484,21106.658107611504,1.1601970384058968,1.9632683895623853
965,37.6593279041277,-122.39248380646288,3959.67849709516,18185.573896030597,1.076931094301158,0.9789788261271535
966,37.65920894651286,-122.36980990819374,76.89450238095169,10992.214996207387,1.1272522540567262,0.3885519484320916
975,37.65794223238357,-122.1657515206865,0.6943734447876055,1140.6938042473278,0.9018678974514982,0.11524969740845278
976,37.65777969968368,-122.14307920015199,2273.4446521735545,1140.6938042473278,0.8893413258980505,0.9333278818824504
1010,37.64183112137865,-122.50597459271047,463.76252713501526,1140.6938042473278,0.9168604405342944,0.6021675145879891
1011,37.641734017242435,-122.48330556830719,14094.5173217585,7102.514299738651,1.112402821071739,1.4572295482452675
1012,37.64163255764445,-122.46063665517083,36071.411024011046,4419.464351646458,1.1121407713381002,2.055361468574506
1013,37.641526742652076,-122.43796785818188,23962.562691804207,4826.737571575269,0.9653225287920765,1.7127851757479144
1014,37.64141657233559,-122.41529918222086,15034.429318125174,16921.099950025848,1.1410431436251343,1.6352223721426027
1015,37.64130204676815,-122.39263063216798,674.2577966199214,1206.6843549062642,1.0125445611657042,0.7001296524739417
1016,37.64118316602582,-122.36996221290333,2.8248094163983395,1140.6938042473278,0.8579211480008678,0.17444587098110498
1025,37.63991727045438,-122.16595313011517,0.052813123670113794,1140.6938042473278,1.0106899272350554,0.07029765602606489
1026,37.63975484278204,-122.14328628709592,1.9994142747223445,3926.7311071269046,1.044509410611346,0.14990645285818952
1060,37.623804866355734,-122.50609391524549,338.416966606012,1140.6938042473278,1.0150439685648576,0.543561206196445
1061,37.6237078249815,-122.48343036553774,5765.381068709474,1140.6938042473278,0.969824322560313,1.2321355879536333
1062,37.62360643096044,-122.46076692699192,8175.75906224722,1140.6938042473278,1.0131909207442753,1.241081238821865
1063,37.62350068435983,-122.43810360448396,19396.930301371074,1140.6938042473278,0.9210719671616431,1.7716589163265832
1064,37.62339058524991,-122.41544040288969,35302.21964991661,33148.735329422125,1.0213591091396035,1.9534088268918748
1065,37.623276133703754,-122.39277732708476,6222.434856545478,3212.7799967401947,1.0228683471373043,1.1193669996994677
1066,37.62315732979734,-122.37011438194469,0.0003934673876897882,1140.6938042473278,0.8897135002340577,0.020846620546546075
1067,37.623034173609526,-122.34745157234481,0.0003934673876897882,1140.6938042473278,0.9199144068243018,0.01868306284523766
1075,37.62189225239424,-122.16615455996542,0.041912383854260236,1140.6938042473278,0.9461630498318349,0.05938122190148716
1076,37.621729929699484,-122.14349318958368,188.71625039350826,1140.6938042473278,1.0079822097890752,0.46735289375021527
1110,37.60577855580004,-122.50621313149475,2432.586607163009,13866.551408360621,1.1042221096054918,0.9289459048028307
1111,37.605681577157966,-122.4835550516064,5158.326433972115,7033.718308914079,0.9825460079228867,1.199762160506984
1112,37.605580248682614,-122.46089708277513,940.9792136718441,1140.6938042473278,0.9979378796128812,0.8202152323817806
1113,37.60547457044127,-122.43823922987234,3351.559491742644,1206.6843549062642,0.8821719223623099,1.070800412231607
1114,37.60536454250404,-122.41558149776917,20186.60949081131,1140.6938042473278,0.98194042916646,1.5711973246790576
1115,37.605250164943946,-122.39292389133672,20453.41436125334,30135.464139131298,1.215126443105578,1.702608878707354
1116,37.60513143783691,-122.37026641544594,607.4261398945343,24023.61379391386,1.1385502401256526,0.6462534979272943
1117,37.6050083612617,-122.3476090749675,0.0003934673876897882,1140.6938042473278,0.9161576355453601,0.019341477886696504
1124,37.60402504735093,-122.18901189226389,0.0003934673876897882,1140.6938042473278,0.9810117081016254,0.018733295426807312
1126,37.603704960445995,-122.14369990778926,183.10068383639955,1140.6938042473278,0.9378521256812998,0.5478672154149246
1159,37.58784475857533,-122.52898496258432,0.013728689311840576,1140.6938042473278,0.9009332489563865,0.04306712712724554
1160,37.58775218972088,-122.50633224155841,5861.520018377291,2413.368747800081,1.0410848121449316,1.0839472600729683
1161,37.587655273781124,-122.48367962661796,13805.747747194147,3620.053064718793,0.960622643424841,1.3739859551252507
1162,37.587554010820355,-122.46102712262987,4965.488070943244,1140.6938042473278,0.9700227635882648,1.1287310485595847
1163,37.587448400905764,-122.43837473446095,27.573790319770815,1140.6938042473278,1.0152917187937995,0.3343651782848391
1164,37.58733844410741,-122.41572246697784,6825.985097194265,1140.6938042473278,1.024207265884485,1.3320871989356833
1165,37.58722414049822,-122.39307032504703,22151.635030354362,8039.51764429057,1.060649712817186,1.5650208599166242
1166,37.58710549015406,-122.37041831353478,23328.505102370724,31421.951454401522,1.073115114360639,1.6409921809805315
1167,37.586982493153606,-122.3477664373072,18742.601492079822,52147.478350590885,1.1397924800761698,1.5897955740132252
1168,37.58685514957849,-122.32511470123029,14932.893803089813,2578.4795208496107,0.9651502986499809,1.5156434183115364
1169,37.58672345951317,-122.3024631101698,928.9563869171935,1140.6938042473278,1.0201681350002472,0.8272124357934566
1171,37.58644704026423,-122.25716038256003,0.0003934673876897882,1140.6938042473278,0.8839424993310455,0.018253787968039167
1176,37.58567993503158,-122.14390644188637,8.486529597165182,1140.6938042473278,0.8961490616890343,0.2110426140538794
1209,37.569818277120454,-122.5290985063816,0.0003934673876897882,1140.6938042473278,1.0027176818111658,0.02104644092977404
1210,37.56972576812757,-122.50645124553662,233.54320787199075,1140.6938042473278,0.9887610365691899,0.5548404053862825
1211,37.56962891486036,-122.4838040906771,489.80334985376214,1140.6938042473278,0.9264500249112438,0.643661608675255
1212,37.569527717383046,-122.4611570466654,366.21570123335994,1140.6938042473278,1.015885146144813,0.6532649802302304
1213,37.569422175762746,-122.43851011836377,0.0003934673876897882,1140.6938042473278,0.9760578811612941,0.020540399197432776
1214,37.56931229006948,-122.41586331063425,309.12902719073884,1140.6938042473278,1.0282801629941334,0.5985329046484017
1215,37.56919806037609,-122.3932166283387,7312.017934448275,1140.6938042473278,1.0005345382359114,1.3621156356379944
1216,37.56907948675834,-122.37057007633885,8660.242934585953,1140.6938042473278,0.9925483018902356,1.3004006727707422
1217,37.568956569294876,-122.34792365949626,25248.413936710538,29012.404604791547,1.0028332599239618,1.729004526936365
1218,37.56882930806719,-122.32527738267228,53787.58319653062,25445.553623390544,1.1399028783197558,2.081355573164688
1219,37.56869770315971,-122.30263125072807,24844.345860196176,3422.4168057555657,0.9668456537300658,1.6104872216245736
1220,37.56856175465967,-122.27998526852465,4658.431194717998,31044.08946131197,1.2197696552208186,1.218830275909511
1221,37.56842146265726,-122.25733944092273,8523.359555461719,9871.272349215007,1.0323698401541896,1.2221285687725603
1226,37.56765485346631,-122.14411279204857,0.0003934673876897882,1140.6938042473278,1.004514628748627,0.020465727525942036
1227,37.56748850250403,-122.12146799412012,0.0003934673876897882,1140.6938042473278,0.8692369090828895,0.020978993055424392
1228,37.567317808751035,-122.09882338481242,92.57283686116463,1140.6938042473278,0.9861076149586757,0.41315971278036057
1229,37.56714277232052,-122.07617896898442,10364.752036939968,1140.6938042473278,0.9814226864774146,1.4447178727049517
1230,37.56696339332855,-122.05353475149482,35552.79294553919,1140.6938042473278,0.912135136510339,1.9468435593325573
1231,37.56677967189403,-122.03089073720197,33512.972595096384,17509.221498333292,1.1021297728071013,1.8235069293966686
1232,37.566591608138815,-122.00824693096402,27334.934211176045,6999.459499897028,0.9468142574257673,1.8396752341130491
1233,37.566399202187576,-121.98560333763882,24345.074967108936,16200.122028381556,1.1283020983504244,1.8083524662051373
1234,37.56620245416788,-121.96295996208397,19832.166416313117,34813.26263212992,1.1127145361498056,1.5508129957806913
1235,37.56600136421016,-121.94031680915661,1749.4128564025268,2333.153166632343,0.9516419215031056,0.8689517406503603
1236,37.565795932447756,-121.91767388371387,154.46760270112537,1140.6938042473278,0.8805899845257275,0.5117219420878045
1237,37.56558615901685,-121.89503119061233,90.78524791312525,1140.6938042473278,0.873704207065948,0.3918277990569841
1238,37.56537204405653,-121.8723887347083,49.64973979394396,1140.6938042473278,0.8535475343412131,0.3907880387062823
1239,37.56515358770871,-121.84974652085788,1.2703505256586003,1140.6938042473278,0.9207775012229552,0.138981523494784
1240,37.56493079011826,-121.82710455391675,1.1451893234201036,1140.6938042473278,1.003729222862081,0.1449592746100597
1241,37.564703651432836,-121.80446283874026,1.6924524807042818,1140.6938042473278,1.0133258747232643,0.16026073379434594
1242,37.564472171803025,-121.7818213801835,0.016479154260500405,1140.6938042473278,0.983103249273644,0.045848858836329935
1243,37.564236351382284,-121.75918018310108,0.0003934673876897882,1140.6938042473278,0.856166217709284,0.018059555231903546
1244,37.56399619032691,-121.73653925234737,0.0003934673876897882,1140.6938042473278,0.9480963893126889,0.018876299528866974
1245,37.563751688796124,-121.71389859277639,0.0003934673876897882,1140.6938042473278,0.9207211654612112,0.01986507760887897
1277,37.54946347238451,-122.12167961351994,0.0003934673876897882,1140.6938042473278,1.0171301397762642,0.018031029835380307
1278,37.54929288902625,-122.0990404570339,8.786706753067968,1140.6938042473278,0.9724682230651271,0.22612375505548918
1279,37.54911796579853,-122.07640149384534,814.6899687231692,1140.6938042473278,0.9774498378012048,0.72185601734524
1280,37.548938702817324,-122.05376272880846,16046.726094521979,9313.796915185561,1.1086411188456362,1.6659398108823513
1281,37.548755100201404,-122.03112416677708,29973.570146123817,9006.445645955062,1.1548474254321581,1.82441601738071
1282,37.54856715807251,-122.00848581260468,32709.33496965921,9785.017910839502,0.9603955298582421,1.9470457967857955
1283,37.54837487655517,-121.98584767114457,39544.5097554371,90844.95138846946,1.1875498460748632,1.942185732302396
1284,37.548178255776875,-121.9632097472498,27675.60021355769,43970.643024760444,1.1538508245470294,1.866157411412715
1285,37.54797729586789,-121.94057204577298,15751.613022546753,9573.950529950527,0.9761188138552216,1.4317219658952056
1286,37.54777199696144,-121.91793457156656,2749.4961920931264,1140.6938042473278,1.0180769279411288,1.0147733182751533
1287,37.547562359193556,-121.8952973294826,63.144436675160094,1140.6938042473278,0.9526159244786505,0.39979358784172925
1288,37.5473483827032,-121.8726603243729,33.7483012798921,1140.6938042473278,0.9847878019541537,0.3262462521389183
1289,37.54713006763216,-121.85002356108892,5.669436842312394,1140.6938042473278,0.9944831252079105,0.19321138753604442
1290,37.546907414125144,-121.82738704448178,2.6503329919365015,1140.6938042473278,1.0201143212511534,0.18030513337977647
1291,37.54668042232967,-121.80475077940234,3.4272775305461183,1140.6938042473278,0.8959723774405207,0.19111004374301857
1292,37.54644909239617,-121.782114770701,0.462477328941915,1140.6938042473278,1.0369930706802397,0.10792466340592498
1293,37.54621342447797,-121.75947902322793,0.0003934673876897882,1140.6938042473278,1.01258129451466,0.018669379247940307
1294,37.5459734187312,-121.73684354183284,0.0003934673876897882,1140.6938042473278,0.9683352284216477,0.018214535997342695
1295,37.54572907531492,-121.71420833136524,0.0003934673876897882,1140.6938042473278,0.964840235577504,0.021039659430031925
1323,37.53207690530358,-122.21242771270839,0.02410240604817747,1140.6938042473278,0.9187284839583353,0.058690343342249714
1324,37.5319237816394,-122.18979328022748,0.0021731677584422306,1140.6938042473278,0.9220994216512249,0.029232640609240183
1327,37.53143838608326,-122.12189104447651,0.0003934673876897882,1140.6938042473278,0.9844416636382305,0.01897151049677727
1328,37.53126791306738,-122.09925733595774,0.0003934673876897882,1140.6938042473278,1.0055612435635919,0.018327236831473186
1329,37.5310931029888,-122.07662382055463,195.17852465549663,1140.6938042473278,0.9221194202078129,0.5113231324288994
1330,37.530913955963314,-122.05399050311665,16133.535994873739,1140.6938042473278,0.9352370170802852,1.4602957431460255
1331,37.53073047210966,-122.0313573884931,25580.388641527057,10121.437658082725,1.0096137202156288,1.7427451195072248
1332,37.5305426515494,-122.00872448153298,18096.675490060832,26798.261457789416,1.0714025236885265,1.5021467449775887
1333,37.530350494406996,-121.98609178708502,31884.9906929228,12434.084991501704,1.0704436636613823,1.8485847105951985
1334,37.53015400080974,-121.96345930999757,37146.993830768835,15494.546713698805,0.9917492824674633,1.9964212672415576
1335,37.52995317088783,-121.94082705511889,20719.364561326347,1140.6938042473278,0.9190510639954861,1.6546668325815044
1336,37.529748004774326,-121.91819502729668,12104.334711550051,8779.691754316267,1.048695170580931,1.4290833101489304
1337,37.529538502605156,-121.89556323137852,241.04217746290809,1140.6938042473278,0.9107015274599233,0.5287714708838659
1338,37.529324664519116,-121.87293167221168,53.638347588762485,1140.6938042473278,0.8607175314616545,0.3992902046548307
1339,37.529106490657874,-121.85030035464301,3.7314640395165095,1140.6938042473278,0.954376050152603,0.17501588677061997
1340,37.52888398116597,-121.82766928351909,2.9278949565692227,1140.6938042473278,0.9661985610192549,0.16806819527317868
1341,37.528657136190816,-121.80503846368619,6.858204249654497,1140.6938042473278,0.9740384276314368,0.23308270429205497
1342,37.52842595588269,-121.78240789999022,12.58477736461438,1140.6938042473278,0.8696155772655627,0.2546812013306685
1343,37.52819044039471,-121.7597775972767,0.10992534669731693,1140.6938042473278,0.9755023416406865,0.08475305411693594
1344,37.52795058988291,-121.73714756039085,0.0003934673876897882,1140.6938042473278,0.973484222210574,0.018515074481116257
1345,37.52770640450617,-121.71451779417755,0.0003934673876897882,1140.6938042473278,0.8888072772150983,0.019671104807528192
1373,37.514051349726714,-122.21261718120385,5.921181434551931,1140.6938042473278,0.9434359367438792,0.19481845047146457
1374,37.5138983251299,-122.18998819252141,2.405312727320663,1140.6938042473278,0.9497015825599504,0.1800634397422545
1375,37.51374096584163,-122.16735937739058,0.12731267736923066,1140.6938042473278,0.9546868723957622,0.08685085599638723
1376,37.5135792719661,-122.14473074065725,0.0003934673876897882,1140.6938042473278,0.9378855925093127,0.02070615745216917
1377,37.51341324361045,-122.1221022871672,0.0003934673876897882,1140.6938042473278,0.9043134528926856,0.02071219625504008
1378,37.51324288088466,-122.09947402176594,0.0003934673876897882,1140.6938042473278,0.9567574313989424,0.01856716009592479
1379,37.51306818390157,-122.07684594929866,0.0003934673876897882,1140.6938042473278,1.0129203682121042,0.0176055224824213
1380,37.51288915277688,-122.05421807461033,825.0980101752078,1140.6938042473278,0.9015004541569474,0.6682078105501073
1381,37.512705787629216,-122.03159040254572,551.4892906315595,1140.6938042473278,0.9223114498579067,0.6492489708418515
1382,37.512518088579995,-122.00896293794912,3822.6791204883866,1908.9434999719165,0.8913584070994113,1.0667422018143682
1383,37.512326055753554,-121.9863356856648,7936.20969941415,21440.530637456766,1.005111564226486,1.399659180213036
1384,37.5121296892771,-121.96370865053665,21149.09970224656,19514.28639011723,1.0980794466095793,1.8115421381109051
1385,37.511928989280676,-121.94108183740819,10568.901640295982,15919.397610258677,1.1721771802196241,1.3980482697422183
1386,37.5117239558972,-121.91845525112267,13938.7108984245,6151.681320500517,0.9559718116330725,1.5778963813337055
1387,37.51151458926249,-121.89582889652313,858.0042304396713,1140.6938042473278,0.8937648146062963,0.7496695183179616
1388,37.511300889515184,-121.87320277845221,7.772124237848895,1140.6938042473278,0.9384829781385791,0.22621964821735652
1389,37.51108285679684,-121.8505769017523,0.5428200280068437,1140.6938042473278,1.038473210661777,0.12306175437324622
1390,37.51086049125183,-121.82795127126538,3.6338821538653026,1140.6938042473278,0.8848745243901706,0.20655917023419226
1391,37.510633793027424,-121.8053258918331,1.6521467086285397,1140.6938042473278,0.8931402712017342,0.16727623330798924
1392,37.51040276227374,-121.78270076829685,2.295906360169432,1140.6938042473278,0.9246699581895611,0.1593440009472469
1393,37.5101673991438,-121.7600759054977,0.10068127390132202,1140.6938042473278,0.9279000261323525,0.08036852761883032
1394,37.50992770379343,-121.73745130827623,0.0003934673876897882,1140.6938042473278,0.9389063802600592,0.018088070616483005
1395,37.50968367638139,-121.71482698147281,0.0003934673876897882,1140.6938042473278,0.9650987548043087,0.019591642822849618
1423,37.49602573818412,-122.21280648099388,2244.4926211933707,1140.6938042473278,1.0388750509594866,0.8955474618716034
1424,37.49587281260775,-122.19018293126372,3494.931567437085,1140.6938042473278,0.9981759790716629,1.0928907986412248
1425,37.49571555514442,-122.16755955492198,106.71260536789504,1140.6938042473278,0.8831209474194212,0.450041662669201
1426,37.49555396589826,-122.14493635681004,4.598692609810814,1140.6938042473278,0.9048600151332173,0.2189818622444039
1427,37.495388044976266,-122.1223133417691,22.95113599416624,1140.6938042473278,0.9141929489462605,0.3070586408233815
1428,37.49521779248833,-122.09969051464009,0.0003934673876897882,1140.6938042473278,0.8646420798962179,0.017502700118017824
1429,37.49504320854717,-122.07706788026367,0.0003934673876897882,1140.6938042473278,0.86205685331679,0.018500608786946503
1430,37.4948642932684,-122.0544454434803,0.0003934673876897882,1140.6938042473278,0.9605202837986411,0.020458811402421086
1431,37.49468104677048,-122.0318232091301,0.0003934673876897882,1140.6938042473278,0.8876657391068563,0.019335925137789842
1432,37.49449346917477,-122.00920118205293,0.0003934673876897882,1140.6938042473278,0.8688047054143854,0.018453292176430824
1433,37.49430156060544,-121.98657936708842,0.6786715676908668,1140.6938042473278,0.9405927376098595,0.1264167787492517
1434,37.49410532118958,-121.96395776907592,51.302969149002145,8598.897244190255,1.079964426029196,0.335831129482978
1435,37.49390475105711,-121.94133639285442,3165.2012487713855,10507.84025032398,0.984150328571914,1.0601622328792855
1436,37.493699850340825,-121.91871524326268,15211.622094943792,15413.210693867768,1.0277817189516893,1.4028812159199469
1437,37.493490619176384,-121.89609432513907,1152.0414386724756,1140.6938042473278,1.013159934533962,0.8351845742946713
1438,37.493277057702336,-121.87347364332173,38.924039686788014,1140.6938042473278,0.8580854935010708,0.37072245305239304
1439,37.493059166060036,-121.85085320264851,0.3087695469362808,1140.6938042473278,1.036245294544758,0.11110082188783056
1440,37.49283694439377,-121.82823300795685,2.5117560980170017,1140.6938042473278,0.9613015583282406,0.18893711555011952
1441,37.492610392850644,-121.80561306408389,0.015417821675555875,1140.6938042473278,1.0171637864140546,0.0522964608737787
1442,37.492379511580616,-121.78299337586641,0.0003934673876897882,1140.6938042473278,1.018555815996492,0.018714498904943953
1443,37.49214430073656,-121.76037394814092,0.0003934673876897882,1140.6938042473278,0.9476046800701029,0.018384300648221885
1444,37.491904760474185,-121.73775478574353,0.0003934673876897882,1140.6938042473278,0.8742213811623264,0.018838042404937475
1445,37.49166089095203,-121.71513589351,0.0003934673876897882,1140.6938042473278,1.0402100177612974,0.018444728084783066
1473,37.478000070685795,-122.21299561223712,35124.9447580128,41996.76013335531,1.1055307101430687,1.7449784840377076
1474,37.477847244083,-122.19037749661761,22800.0606393455,46416.35670068098,1.1552559507649323,1.5608908837424298
1475,37.47769008839642,-122.16775955422354,13214.175036327622,20194.815629040026,1.1884380968013923,1.3832544266771516
1476,37.477528603730086,-122.14514178989177,26295.519166355854,9340.601642299607,0.9557837213484482,1.9150650986301325
1477,37.47736279019092,-122.12252420845903,6398.745746791616,1140.6938042473278,0.8889440845759924,1.3293177985328344
1478,37.47719264788866,-122.09990681476161,0.0003934673876897882,1140.6938042473278,0.9347796524147796,0.0177497663558713
1479,37.477018176935935,-122.07728961363563,0.0003934673876897882,1140.6938042473278,1.0068206087708755,0.02033874320100156
1480,37.47683937744825,-122.05467260991702,0.0003934673876897882,1140.6938042473278,0.913448319148433,0.019934150134452037
1481,37.47665624954395,-122.03205580844138,0.0003934673876897882,1140.6938042473278,0.8944683188105645,0.01937150749797938
1482,37.47646879334426,-122.00943921404406,0.0003934673876897882,1140.6938042473278,0.8836098918004147,0.019310389968687718
1483,37.47627700897324,-121.98682283156003,0.0003934673876897882,1140.6938042473278,1.0333908420887041,0.01989290332503313
1484,37.47608089655784,-121.96420666582418,1.3033383740306688,1140.6938042473278,0.9030671958903576,0.13428211432216716
1485,37.47588045622788,-121.9415907216709,917.3824003828213,3786.592844206589,1.0260076563434077,0.710211376567273
1486,37.475675688116,-121.91897500393446,12949.085497137401,1140.6938042473278,0.9406350497349167,1.3821398731138972
1487,37.47546659235775,-121.89635951744866,3579.134315997794,1140.6938042473278,0.9078334706234303,1.1436682562487406
1488,37.475253169091495,-121.87374426704714,108.2199032667995,1140.6938042473278,0.9246979250574013,0.47803666071114514
1489,37.47503541845852,-121.85112925756316,19.19869588967393,1140.6938042473278,0.9316305005336397,0.26182292726313094
1490,37.474813340602914,-121.8285144938296,0.6828973462432117,1140.6938042473278,1.0176121644004303,0.12028307665531039
1491,37.47458693567164,-121.80589998067907,0.008473511959840644,1140.6938042473278,0.9718188007649963,0.03871384985401988
1492,37.47435620381456,-121.78328572294392,0.01205618491868323,1140.6938042473278,0.882157267101066,0.04948824564573831
1493,37.474121145184355,-121.76067172545598,0.0003934673876897882,1140.6938042473278,1.0115746148772657,0.017469764950767
1494,37.473881759936575,-121.73805799304691,0.0003934673876897882,1140.6938042473278,0.9970951239452803,0.01924826511317198
1495,37.47363804822963,-121.71544453054788,0.0003934673876897882,1140.6938042473278,0.9593579976863292,0.020683278654112874
1523,37.45997434724173,-122.21318457509196,14599.841074238866,1140.6938042473278,1.0348737576496614,1.4622845405172804
1524,37.45982161956568,-122.19057188874592,13053.925353734125,59436.77338516283,1.0725557312275178,1.553130613265889
1525,37.459664565607724,-122.16795937546271,20544.34486343625,51187.11805888986,1.1975044729937723,1.6004291573488225
1526,37.45950318547175,-122.14534704007454,37592.4768239243,20691.163763626188,1.0843553075811176,2.0903108474146204
1527,37.45933747926462,-122.12273488741357,18539.533377023745,55873.40371674805,1.2219243078332223,1.5368158984929674
1528,37.459167447095915,-122.10012292231158,13.945883411212838,4866.787389030146,1.0829468924642764,0.28725199631747794
1529,37.458993089078206,-122.07751114960023,0.0003934673876897882,1140.6938042473278,0.9457021565729206,0.020270898839079836
1530,37.45881440532685,-122.05489957411078,0.0003934673876897882,1140.6938042473278,1.0351030912442556,0.018141642482907273
1531,37.45863139596007,-122.03228820067432,1.5164356465573114,1140.6938042473278,0.9109042816614011,0.16123752846885916
1532,37.458444061098994,-122.00967703412174,0.8332324648399014,1140.6938042473278,0.8787842769377967,0.13169867792367843
1533,37.45825240086755,-121.98706607928345,1.0999954148246556,1140.6938042473278,0.8836442593850882,0.1397404234655438
1534,37.45805641539257,-121.96445534098973,2.6127842948475126,1140.6938042473278,0.9205652489983778,0.18249230522646534
1535,37.45785610480372,-121.9418448240705,5.92370579303358,1140.6938042473278,0.9423812905012973,0.19723679578671455
1536,37.45765146923354,-121.91923453335546,18067.189502328845,1908.9434999719165,0.9389969183616719,1.4823000223023648
1537,37.45744250881744,-121.89662447367395,19074.64456957517,1140.6938042473278,0.8707443288648686,1.5068576725198266
1538,37.45722922369365,-121.87401464985496,2939.7187190721133,1140.6938042473278,0.8921993899047799,0.9626068967645071
1539,37.4570116140033,-121.85140506672724,50.931499514901155,1140.6938042473278,1.027481812398803,0.3391083146497153
1540,37.45678967989036,-121.82879572911921,20.56136506420284,1140.6938042473278,0.9663067724059391,0.26284243756120057
1541,37.45656342150164,-121.80618664185891,5.6858975799722975,1140.6938042473278,1.002230014946664,0.23074204840718052
1542,37.45633283898685,-121.7835778097741,3.777218719383655,1140.6938042473278,0.9542339360926563,0.20018738183223195
1543,37.45609793249852,-121.7609692376922,0.9993136699734824,1140.6938042473278,0.8990056352129385,0.1348315660030273
1544,37.45585870219205,-121.73836093044015,0.18658573662080846,1140.6938042473278,0.9118138450569111,0.09544362898853466
1545,37.45561514822572,-121.71575289284478,0.0003934673876897882,1140.6938042473278,0.997107306387933,0.019126479429500073
1573,37.44194856786195,-122.21337336971656,12311.496629617586,1140.6938042473278,1.0223005990830747,1.4616088932425024
1574,37.4417959390659,-122.1907661078115,19636.730809699235,46804.94230845183,1.1819387776151191,1.5661421938388023
1575,37.44163898678847,-122.16815901880678,19014.187409533435,107522.80148952802,1.1711933519299162,1.5894761860225168
1576,37.44147771113347,-122.14555210753008,25991.47778550096,12232.233416666155,1.1627162907826178,1.5909329503929421
1577,37.44131211220762,-122.12294537880902,22937.65981095506,51850.98333191225,1.253270157062691,1.5960105610655393
1578,37.441142190120445,-122.10033883747093,1947.5344628722091,1140.6938042473278,0.9123399426494092,0.8511173172084059
1579,37.44096794498436,-122.07773248834278,5.022667171204085,1140.6938042473278,1.0231196037898873,0.20375383443942058
1580,37.440789376914616,-122.05512633625146,1.0300100114845572,1140.6938042473278,1.0277580115867528,0.13813865183552362
1581,37.44060648602934,-122.03252038602344,0.9905100698455761,1140.6938042473278,0.9037539970067126,0.1422181223930293
1582,37.440419272449525,-122.00991464248507,1.2451572293980597,1140.6938042473278,1.0169200981751498,0.14800584662811236
1583,37.44022773629899,-121.98730911046223,32.62698238311251,1140.6938042473278,0.8700525240564065,0.3436065131867333
1584,37.44003187770443,-121.9647037947807,602.0351715142243,1140.6938042473278,0.9490238046427801,0.6809348680892581
1585,37.4398316967954,-121.94209870026589,9.283691282439323,1140.6938042473278,1.0011629484673685,0.2468028151731883
1586,37.43962719370428,-121.91949383174294,14279.552660407762,5726.830499915751,0.955279261308634,1.5215495312498615
1587,37.43941836856638,-121.8968891940366,25214.985153683596,28449.602241924116,1.122547114212367,1.7253374356191125
1588,37.43920522151977,-121.87428479197146,22482.38489274457,1908.9434999719165,0.8897708727745244,1.5959939437849135
1589,37.43898775270546,-121.85168063037162,1063.2190531553595,1140.6938042473278,0.9490611258854289,0.7564720736278207
1590,37.43876596226726,-121.82907671406106,106.24856155022437,1140.6938042473278,1.0248742205412673,0.45251073451917984
1591,37.43853985035185,-121.80647304786322,129.7964201117544,1140.6938042473278,0.9548216903399738,0.4461503546910875
1592,37.43830941710878,-121.78386963660137,23.593956209434474,1140.6938042473278,0.8681844937899047,0.312548315141721
1593,37.43807466269044,-121.76126648509839,6.582364238722937,1140.6938042473278,0.8686914463888181,0.22480125393958403
1594,37.43783558725209,-121.73866359817674,1.9389863532949458,1140.6938042473278,0.9809391950274277,0.16810627297140784
1595,37.43759219095182,-121.71606098065867,0.4958883054895355,1140.6938042473278,0.990505378573551,0.12201791435911692
1623,37.423922732556505,-122.21356199626887,12218.132332189049,34213.96072996322,1.099323493162814,1.3924935543166708
1624,37.42377020259373,-122.19096015397675,10489.489747733422,6275.072357387673,0.9856708276930045,1.2959945665588901
1625,37.42361335194881,-122.16835848442273,21261.67673019796,3279.615146039311,1.0291481522690273,1.7638854653120948
1626,37.423452180725434,-122.14575699242997,22583.17803607357,157744.48560171082,1.1586237652347673,1.6953275807202328
1627,37.42328668903019,-122.12315568282153,31600.143317087746,1908.9434999719165,0.9973246132184684,1.9176242792367402
1628,37.42311687697254,-122.10055456042019,13806.149687552743,18241.656820322656,1.1205554889862075,1.6270460838770129
1629,37.422942744664766,-122.0779536300485,3303.495448709763,11013.431602075329,1.0501821983706587,0.9933983147597303
1630,37.42276429222201,-122.05535289652873,491.0454424431961,1140.6938042473278,1.014468586526916,0.6099047305053955
1631,37.42258151976228,-122.03275236468289,91.46031986142071,1140.6938042473278,0.9145263184985637,0.4253778844451664
1632,37.42239442740645,-122.01015203933272,159.25173660947752,1140.6938042473278,0.8821109436596312,0.513101852132189
1633,37.42220301527822,-121.98755192529967,227.50792946181085,1140.6938042473278,0.9601913273874412,0.5458951538954059
1634,37.422007283504165,-121.96495202740495,9019.335862900476,3100.2611927402863,0.9788163541419379,1.4637832253417324
1635,37.42180723221369,-121.94235235046939,5846.971023287225,1908.9434999719165,1.0513053516091535,1.1721198765188434
1636,37.421602861539085,-121.91975289931365,11358.623314525972,12214.93156765949,1.0682863218340637,1.5304981482028912
1637,37.42139417161548,-121.89715367875803,20756.425807286403,24295.295570712165,1.005760601546326,1.7329120027263705
1638,37.421181162580865,-121.87455469362247,31843.61293133976,13362.604499803418,1.0221406103902537,2.0035082308206835
1639,37.42096383457606,-121.85195594872668,13461.276757387119,1140.6938042473278,0.8918732418659439,1.553139984430517
1640,37.42074218774476,-121.82935744889004,816.7633111322154,1140.6938042473278,1.0139773425372303,0.7068014383076519
1641,37.420516222233495,-121.80675919893147,156.2472041378507,1140.6938042473278,0.9593150466886972,0.4589607745222698
1642,37.42028593819167,-121.78416120366974,76.07861267637169,1140.6938042473278,0.973159491541654,0.3847748395909204
1643,37.42005133577153,-121.76156346792317,14.035542831848964,1140.6938042473278,0.8964483672962855,0.28610707810392133
1644,37.419812415128156,-121.73896599650975,5.930758939842663,1140.6938042473278,1.0167638756564386,0.19429403809306056
1645,37.41956917641952,-121.71636879424717,4.530577398641866,1140.6938042473278,0.88777145053266,0.21191038717414667
1673,37.40589684133545,-122.21375045490659,2474.80591448494,1140.6938042473278,0.9338380348160177,0.9474484772660982
1674,37.40574441015933,-122.19115402740391,2006.3704220986122,7451.223742233032,0.9397436031842252,0.8848809706946442
1675,37.40558766109893,-122.16855777247729,1707.1575698351,1140.6938042473278,0.8812618058261285,0.8070999438299261
1676,37.40542659425787,-122.14596169494543,4702.347656719422,34028.40915013338,1.0125687233404936,1.0905982847513178
1677,37.40526120974265,-122.12336579962687,24223.014316078574,10525.142175305748,1.0211714666569183,1.8748227379266096
1678,37.405091507662576,-122.1007700913398,43443.85822670078,25612.14006937666,1.1706987278630916,1.9439733069950462
1679,37.40491748812984,-122.07817457490226,25964.6380504514,11878.5116304785,1.0625728506494374,1.730772387081536
1680,37.40473915125951,-122.05557925513206,13109.483869336196,1908.9434999719165,1.0312172335582965,1.5437018166767476
1681,37.40455649716944,-122.03298413684665,6068.534515810824,9104.488292041178,1.0349553002706844,1.246249506923673
1682,37.40436952598037,-122.0103892248632,23556.632728497963,11317.322285593455,1.0051015726645471,1.5274368049915927
1683,37.404178237815906,-121.98779452399872,10162.982827886772,43991.78367569977,1.135052002897633,1.2865160291956634
1684,37.40398263280249,-121.9652000390699,25733.45535302002,16515.341195259756,1.1242269984983877,1.5840315896215187
1685,37.403782711069425,-121.94260577489307,27491.072284751135,6689.953174405039,1.0195695317284328,1.770624066744095
1686,37.40357847274883,-121.92001173628428,10536.023103682828,27803.675181512517,1.1336444820152922,1.4904207804853025
1687,37.403369917975716,-121.89741792805935,15708.610631143669,20998.379069504383,1.091340055474802,1.4775606649125874
1688,37.403157046887955,-121.87482435503375,32146.27722651259,5726.830499915751,1.1083765059282318,1.8192121034365567
1689,37.402939859626215,-121.85223102202264,27286.781241329027,5188.558646011228,1.0310963287721804,1.6135689088141767
1690,37.40271835633405,-121.82963793384083,4789.139266398989,1140.6938042473278,0.9198780070068528,1.0813529073901795
1691,37.40249253715784,-121.80704509530283,189.02150878434028,1140.6938042473278,0.9997802872976222,0.4757662084142537
1692,37.402262402246855,-121.78445251122284,10.845723015586893,1140.6938042473278,0.8723733815156106,0.24136225865548125
1693,37.40202795175318,-121.7618601864147,13.44623129745924,1140.6938042473278,0.9212579415808074,0.24282233143596615
1694,37.40178918583177,-121.73926812569186,5.475194885603989,1140.6938042473278,0.9591767808512071,0.22799856838865223
1695,37.401546104640396,-121.71667633386748,8.057725631116627,1140.6938042473278,0.9637374122674027,0.21429666403587397
1723,37.3878708942089,-122.21393874578719,4193.229013750024,1140.6938042473278,0.9479722006230165,1.130696778586156
1724,37.3877185617728,-122.19134772825501,1829.7921481811986,1140.6938042473278,0.9656498913406604,0.8618731292881397
1725,37.387561914249005,-122.16875688313709,1428.248063206188,1140.6938042473278,0.8902643709848737,0.8526300523432121
1726,37.38740095174104,-122.14616621524762,2905.858847837787,1140.6938042473278,0.9249512552865264,1.0305930259873042
1727,37.387235674355246,-122.1235757294006,11120.250943371706,32744.245495510033,1.1650301749377128,1.327133093655476
1728,37.3870660822009,-122.10098543040979,31345.392664287076,9360.167242204947,1.0575208871377966,1.929180372820914
1729,37.38689217539004,-122.07839532308871,28885.25116588727,40591.483288766234,1.0621614300473265,1.7767223757933344
1730,37.38671395403759,-122.05580541225056,32640.621053399987,1140.6938042473278,1.0369593734404106,1.6925454139730955
1731,37.386531418261335,-122.0332157027083,26868.628954029944,11488.264621869715,0.9618527201023513,1.6802275852722746
1732,37.3863445681819,-122.0106261992747,30643.87751043629,7858.772713811137,1.0220136550878443,1.8289176885409486
1733,37.38615340392274,-121.98803690676215,11423.113694925967,15385.257721151407,1.0058965110520774,1.3045129060421552
1734,37.385957925610185,-121.96544782998282,9299.852766009704,27603.71565992217,1.2028068687296951,1.289247306250872
1735,37.38575813337341,-121.94285897374857,12763.43593128511,6373.892394511889,1.0081181337278255,1.4393914092260216
1736,37.38555402734441,-121.92027034287098,1842.2837711269926,19966.05021459015,1.061042438625265,0.9046489009422936
1737,37.38534560765807,-121.89768194216127,18903.99073794908,18551.16352569018,1.1654030521387648,1.5035958838250147
1738,37.38513287445208,-121.87509377643046,36579.85240826231,1908.9434999719165,0.9235794298367689,1.9135038156360247
1739,37.38491582786704,-121.85250585048917,35831.22935610328,4579.157567771826,1.1083371333426546,2.0680126632976545
1740,37.384694468046305,-121.82991816914773,29157.32773405327,1140.6938042473278,0.9692591711081958,1.6703577907510303
1741,37.38446879513617,-121.80733073721618,4813.109062990334,1140.6938042473278,1.021294150999028,1.0510394258884013
1742,37.3842388092857,-121.78474355950411,256.74299582190025,1140.6938042473278,1.0346623502787438,0.5895943473161513
1743,37.384004510646854,-121.76215664082085,7.209984412371326,1140.6938042473278,0.9978051022621737,0.20228068068453975
1744,37.38376589937443,-121.73956998597545,7.358384478122435,1140.6938042473278,0.8890711509223097,0.21282439898097052
1745,37.383522975626065,-121.71698359977654,7.480768735857988,1140.6938042473278,0.8925766218634767,0.21762801841116725
1773,37.36984489118692,-122.214126869068,1781.112062375656,1140.6938042473278,0.8674023565997436,0.9003908621476778
1774,37.369692657444325,-122.19154125669185,719.4480980086224,1140.6938042473278,0.963234736773654,0.6761845876292847
1775,37.369536111409275,-122.16895581656836,1754.8778197456274,1140.6938042473278,0.8765196156014523,0.8051187496867978
1776,37.369375253185204,-122.14637055350728,3135.7143019163855,2872.0661744612057,1.0230306420497344,0.9561914864663031
1777,37.36921008287838,-122.12378547231813,6253.818738000802,17976.365993513886,1.1445748342723432,1.1814708502036328
1778,37.36904060059791,-122.10120057781006,16394.913162358753,7858.772713811137,1.125973916382849,1.523366649367188
1779,37.36886680645578,-122.07861587479215,18847.650699368503,1140.6938042473278,0.9340130464549997,1.716107647368932
1780,37.36868870056678,-122.05603136807306,33348.86714927869,1908.9434999719165,0.887654824827583,2.012288001500884
1781,37.368506283048575,-122.03344706246132,34869.875487454156,35885.44805277415,1.1731349406211018,1.8268587307054778
1782,37.36831955402167,-122.01086296276507,35290.195556598504,7426.919160022444,1.009472065772556,1.8204108712390623
1783,37.36812851360942,-121.9882790737923,26378.258766408926,12116.377617683997,1.1351144514341505,1.892135259954996
1784,37.36793316193801,-121.96569540035061,20831.01920331275,22820.81495790778,1.0277553046887122,1.4879639347764522
1785,37.36773349913649,-121.9431119472474,4349.019445526315,17073.98789775019,0.9898849903333494,1.219854219456029
1786,37.36752952533674,-121.9205287192897,4415.354649093263,116713.66377745268,1.2478268449118552,1.035391211228902
1787,37.3673212406735,-121.89794572128426,11574.406171820152,26785.00144078153,1.178258167232563,1.4592630393499888
1788,37.36710864528433,-121.87536295803761,25647.178445439888,4741.821070544327,0.9612609326034607,1.880127859065056
1789,37.36689173930968,-121.85278043435584,43859.945342926054,3633.336590338985,1.0963918752503115,2.143697650820567
1790,37.366670522892775,-121.83019815504477,43938.54082342485,9544.717499859582,1.03731466236903,2.1056604443174547
1791,37.36644499617976,-121.8076161249099,22514.297998367027,1833.1917737825552,1.0073101901151682,1.6362665606840694
1792,37.36621515931956,-121.78503434875643,1526.6650632378398,1140.6938042473278,1.0272252460038924,0.912689056470312
1793,37.365981012464,-121.76245283138913,200.73519496746647,1140.6938042473278,0.8891837585672289,0.48651672900440157
1794,37.3657425557677,-121.73987157761253,18.827645266383513,1140.6938042473278,1.0379726259163096,0.2718391250071249
1795,37.36549978938815,-121.71729059223075,10.145088131036221,1140.6938042473278,0.9892070454897731,0.24726448244069588
1823,37.35181883227968,-122.214314824906,1532.5802267406348,1140.6938042473278,0.9102765303858268,0.8502405182679844
1824,37.35166669718408,-122.19173461287592,520.2022547654349,1140.6938042473278,1.0047214200067058,0.6483777891815147
1825,37.35151025258996,-122.16915457293719,340.5650227007424,1140.6938042473278,0.8701073481515212,0.6295522526659024
1826,37.351349498600676,-122.14657470989505,1020.390515484923,1140.6938042473278,1.003084424052242,0.7592553523797141
1827,37.35118443532235,-122.12399502855449,2747.8226168971482,1140.6938042473278,0.9893935611125383,0.9270610965678966
1828,37.35101506286402,-122.10141553372017,8189.249094302879,1140.6938042473278,0.9401765944895778,1.3610713917557171
1829,37.35084138133754,-122.0788362301967,17489.186366947866,5188.5584560734615,1.0574258122203626,1.528586725798875
1830,37.3506633908576,-122.05625712278821,21895.809920807405,17941.763017264075,1.1219258086684423,1.5413798066055564
1831,37.350481091541745,-122.03367821629871,33879.35869244469,15086.997818095802,1.149356558673241,1.9306040437923049
1832,37.35029448351037,-122.01109951553194,35902.54948590569,14550.057543093035,1.1537952982829174,1.974954797548734
1833,37.35010356688668,-121.98852102529128,40127.837568785624,23114.941376664,1.0459426313763958,1.96257259365319
1834,37.34990834179677,-121.96594275037988,33754.40449366417,39772.5409292425,1.1631534865619562,1.7198979366750626
1835,37.349708808369535,-121.94336469560064,28861.1718417641,36729.38056221387,1.1089910826465093,1.9460253213434346
1836,37.34950496673675,-121.92078686575606,12854.29050053146,54942.20156266375,1.161355663004228,1.3500615604147075
1837,37.34929681703301,-121.89820926564843,30568.711844138496,79316.31602617205,1.2270260033493794,1.6298237274788259
1838,37.34908435939576,-121.8756319000798,44021.8572493514,5456.271578659887,0.9657720036606431,1.9111787470794155
1839,37.348867593965274,-121.85305477385168,52171.68381873717,23831.493606374876,1.1141725217765561,2.1143383023989055
1840,37.34864652088468,-121.8304778917655,54813.92252048328,21821.074304738384,1.072029990066061,2.0853805984544453
1841,37.34842114029993,-121.8079012586222,37824.83382236237,13039.315681259786,1.1371965256770713,1.8967026497524038
1842,37.348191452359856,-121.78532487922249,10745.497857402732,1140.6938042473278,1.0153481028503561,1.50522252077039
1843,37.34795745721609,-121.76274875836667,391.82354925417485,1140.6938042473278,0.8561955011259681,0.6002451249200005
1844,37.34771915502313,-121.74017290085473,211.24249574232604,1140.6938042473278,0.8975575138558275,0.4922348030854624
1845,37.347476545938285,-121.71759731148636,12.959243854455,1140.6938042473278,0.997666479356999,0.2556146248027444
1873,37.333792717497325,-122.21450261345805,258.0812506509216,1140.6938042473278,0.9952844110797785,0.5480066436236537
1874,37.33364068100226,-122.19192779696857,339.2241655012991,1140.6938042473278,0.8965994685391314,0.5554014183955531
1875,37.33348433780133,-122.16935315240943,99.74758137445382,1140.6938042473278,0.8702231167800487,0.46576666119321947
1876,37.33332368799774,-122.1467786845812,8.585291727996175,1140.6938042473278,0.9698848308187304,0.22291189415525106
1877,37.333158731697544,-122.12420439828445,256.56595860516046,1140.6938042473278,0.854422804568195,0.5685162912450754
1878,37.332989469009654,-122.10163029831946,1580.5263307441478,1140.6938042473278,0.9393413256734413,0.8252689914099781
1879,37.33281590004581,-122.0790563894862,10894.878074210756,7097.501956045378,1.0536258299902859,1.472208637201095
1880,37.332638024920605,-122.05648267658434,22136.418501795142,11453.660999831502,0.983829545738876,1.5942767855544238
1881,37.332455843751454,-122.03390916441342,36754.93099242061,38546.87389156682,1.2007019677398225,2.0321896595230884
1882,37.332269356658635,-122.01133585777266,20630.15279960974,49443.90279660943,1.088762573381836,1.6876813502834058
1883,37.33207856376526,-121.98876276146096,33860.38987928759,22907.322759414066,1.179587260833825,1.7197271415934743
1884,37.331883465197265,-121.96618988027699,33768.02798025933,31506.220003604318,1.0527398518406714,1.7647708877985377
1885,37.33168406108344,-121.9436172190191,26764.1146023345,29395.423637220043,1.1332447205675753,1.9008978878839675
1886,37.33148035155541,-121.92104478248538,31216.43124472046,149362.81634423698,1.2382659978345076,1.6898150152182627
1887,37.33127233674765,-121.89847257547366,25125.9641174631,362093.71194160986,1.323468065759001,1.8122168461037678
1888,37.33106001679748,-121.87590060278134,49702.44676174998,22959.227660645647,1.0060935278517853,2.1546579213589134
1889,37.330843391845015,-121.85332886920561,37494.630314038244,16995.9410901424,1.1582021210398772,1.9095742369576327
1890,37.33062246203325,-121.83075737954327,51967.53585946154,8712.155522467869,1.0711711830115742,2.207012537141188
1891,37.33039722750802,-121.80818613859087,25707.984523360952,29504.8932010595,1.195853495680646,1.665798617294695
1892,37.330167688417966,-121.78561515114457,31648.65914984174,5543.571923918446,1.0183406172550558,1.7970187688273755
1893,37.32993384491461,-121.7630444220002,8858.064101154567,1908.9434999719165,1.0009978933534942,1.1985107150353795
1894,37.32969569715228,-121.74047395595335,131.82164145157728,1140.6938042473278,0.8688032545064139,0.44570720574598566
1895,37.329453245288136,-121.71790375779908,39.98043884199068,1140.6938042473278,0.8598653274448398,0.3161414858000464
1923,37.31576654684999,-122.21469023488076,33.630777615412164,1140.6938042473278,0.9010541601977146,0.3153318421350444
1924,37.3156146089091,-122.19212080913097,68.64772010142427,1140.6938042473278,1.0338518964179475,0.40606098602318924
1925,37.31545836705365,-122.16955155515053,29.36120001532632,1140.6938042473278,0.9482240360836608,0.33244471004070747
1926,37.31529782138675,-122.14698247773582,6.78022302770121,1140.6938042473278,0.868264911039091,0.21036972717579808
1927,37.315132972014354,-122.12441358168269,16.793286422988167,1140.6938042473278,0.9389870918520277,0.27793115970680615
1928,37.31496381904526,-122.101844871787,49.07032131109101,1140.6938042473278,1.0180390632490621,0.34739777484009543
1929,37.314790362591104,-122.07927635284413,8703.693931429236,1140.6938042473278,0.9888079941765938,1.3459664785793033
1930,37.31461260276636,-122.05670802964944,17675.992122345593,7635.773999887666,1.1009457910978429,1.6080459477152484
1931,37.31443053968835,-122.0341399069979,26694.06605168825,44040.300451191666,1.1714258138743239,1.7062198500982892
1932,37.31424417347721,-122.0115719896842,30625.716424176535,8397.044567715659,1.050034889934618,1.7367335452071742
1933,37.31405350425594,-121.98900428250283,35950.79050630064,32338.618352240166,1.076384843893059,2.012867916999752
1934,37.31385853215034,-121.96643679024791,40987.48695366617,72259.1874696831,1.1974528484100002,1.8716407718819545
1935,37.31365925728909,-121.94386951771331,29784.50843975131,57135.65998462242,1.1747989761169328,1.7837159027606095
1936,37.313455679803695,-121.92130246969276,42490.55474251648,47573.63938216692,1.1971774641232777,1.8699733013734365
1937,37.313247799828474,-121.8987356509794,30790.252168351435,44365.1552458775,1.1421301540562112,1.8355875017165255
1938,37.313035617500596,-121.87616906636624,30825.502383657353,3817.886999943833,1.0468725939507637,1.9895484752898769
1939,37.312819132960094,-121.85360272064602,21918.436589349603,7635.773999887666,1.0995867240682369,1.5496627489203108
1940,37.312598346349795,-121.83103661861102,45545.34556476996,10999.15064269533,1.1404717160720836,2.150736530270835
1941,37.31237325781538,-121.80847076505334,37914.15680824499,7635.773999887666,1.0979611963158844,2.0461134285015175
1942,37.31214386750536,-121.78590516476466,30102.698695979845,1877.9037682650562,1.0398236501045421,1.8250916009215308
1943,37.31191017557109,-121.76333982253625,18901.480526577063,1847.8573079728155,0.9503362658926067,1.6009616777639453
1944,37.31167218216677,-121.74077474315928,944.9399937086467,1140.6938042473278,0.8695161962166188,0.7087257406321122
1945,37.31142988744937,-121.71820993142431,12.96920523500626,1140.6938042473278,1.0374279040538579,0.2465594807173765
1973,37.297740320347906,-122.21487768933046,97.65260321176702,1140.6938042473278,0.9770418658902333,0.435816584912182
1974,37.297588480914854,-122.19231364952385,30.29231222356774,1140.6938042473278,0.9605045047748306,0.30617960583816245
1975,37.297432340357226,-122.16974978132605,58.33940987189838,1140.6938042473278,0.9484611769317878,0.41220770593439754
1976,37.29727189877804,-122.14718608952876,63.399034371956525,1140.6938042473278,0.9704966089735872,0.3940324391112307
1977,37.29710715628319,-122.12462257892349,66.80932239963778,1140.6938042473278,0.8574774150309833,0.3853851415472314
1978,37.296938112981316,-122.10205925430155,141.2563617443575,1140.6938042473278,1.0218828166117822,0.48943094558265604
1979,37.296764768983955,-122.07949612045391,392.73189122333173,1140.6938042473278,0.9409614959470015,0.64711714886804
1980,37.29658712440547,-122.0569331821714,7778.389039520662,1140.6938042473278,0.8988246162363249,1.370849346217612
1981,37.29640517936308,-122.03437044424447,24197.62099050877,23300.758706687713,1.1792729590954658,1.6804724564532898
1982,37.296218933976796,-122.01180791146345,24242.75803039016,1140.6938042473278,0.9621193092080933,1.6686546570876875
1983,37.29602838836948,-121.98924558861818,28145.7722568863,40012.84042852114,1.106531273534052,1.7707965738510707
1984,37.29583354266684,-121.96668348049845,41722.67330278513,14733.27614587081,1.177323055349682,2.128240559373519
1985,37.295634396997414,-121.94412159189363,37225.61529962599,180638.34834533214,1.205941745173435,1.803553500428899
1986,37.29543095149258,-121.92155992759282,28689.810492219134,126282.47965326268,1.2006096860766633,1.7426154893097372
1987,37.29522320628651,-121.89899849238486,24001.00850799284,39045.87257791325,1.183437659981569,1.8217373550633205
1988,37.29501116151627,-121.87643729105824,23705.095456285002,8060.6248204724325,0.9887169037943868,1.5989093152241296
1989,37.29479481732174,-121.85387632840114,25090.407141465384,3174.6674613660534,1.095096599039775,1.7450986635699943
1990,37.294574173845575,-121.83131560920145,42472.78236967,9466.482110516472,1.0541898963298444,1.7973842198201115
1991,37.29434923123336,-121.8087551382468,23831.712765486696,5726.830499915751,0.9985126057122615,1.7050651286298186
1992,37.29411998963345,-121.78619492032429,12644.969281576257,6689.953174405039,1.0167294793596175,1.3525491898785207
1993,37.29388644919705,-121.7636349602209,14100.592733079735,4579.157567771826,0.931343695862427,1.4716534724129526
1994,37.29364861007818,-121.74107526272311,5128.030709059697,1140.6938042473278,0.8902987951630608,1.093597565888219
1995,37.29340647243372,-121.7185158326172,1480.12295331641,1140.6938042473278,1.0019295393823129,0.8482668664994886
2023,37.27971403800126,-122.21506497696329,126.71566452155655,1140.6938042473278,0.9379931849614686,0.45641086005940884
2024,37.279562297029756,-122.19250631830792,39.82219565523269,1140.6938042473278,0.9655436705895621,0.31708325793920417
2025,37.27940625772238,-122.16994783110097,9.115816735513045,1140.6938042473278,0.9705068191341936,0.24438743701601046
2026,37.279245920182035,-122.14738952012964,114.4251607323762,1140.6938042473278,1.0079182563847704,0.40672684126384395
2027,37.27908128451448,-122.12483139018093,56.92674020275699,1140.6938042473278,0.9726875225479077,0.38438712442637046
2028,37.27891235082831,-122.10227344604174,83.48034426645285,1140.6938042473278,1.0021086124577314,0.4042716427423156
2029,37.278739119234906,-122.07971569249857,37.77461011798436,1140.6938042473278,0.9309590626836691,0.33281744381947126
2030,37.27856158984855,-122.05715813433768,1558.7004580246107,1140.6938042473278,0.9617000592913928,0.9376209917856557
2031,37.27837976278632,-122.03460077634519,10916.501756010537,6151.681320500517,0.9932120229435083,1.529404975918909
2032,37.278193638168126,-122.01204362330677,14858.855885416138,1140.6938042473278,1.0019072861283596,1.470055036178312
2033,37.278003216116716,-121.989486680008,24285.918759669756,7635.773999887666,1.1445588352736873,1.6899539335145488
2034,37.27780849675766,-121.96692995123398,30323.113853575018,13362.605069616715,1.1345929220947102,1.8998336758297574
2035,37.27760948021936,-121.94437344176978,26101.367822262226,89658.83117767086,1.2692444121674753,1.8705421144813936
2036,37.27740616663308,-121.92181715639998,27683.12576544893,51445.356226629934,1.1034228299902296,1.6046526882328833
2037,37.27719855613289,-121.8992610999089,25955.275170732737,7097.502145983145,1.0660298751200639,1.8748409410252698
2038,37.27698664885566,-121.87670527708056,28258.935354208916,19514.28589627904,0.9937667308939003,1.8938408092290724
2039,37.27677044494115,-121.85414969269875,31099.710769875077,5022.524769338869,1.073277014802916,1.8241438508489354
2040,37.276549944531936,-121.83159435154685,48579.70503263151,9544.717499859582,1.083395034460242,1.9018064923056504
2041,37.276325147773385,-121.80903925840798,26745.44778698057,3279.615146039311,1.0029104688343808,1.9228064629493697
2042,37.27609605481374,-121.78648441806479,4034.938814624962,1140.6938042473278,1.0179036812768216,1.0926392390461375
2043,37.27586266580405,-121.76392983529982,8236.480101862515,1908.9434999719165,0.9748906479287552,1.3136519180708008
2044,37.275624980898186,-121.74137551489507,6125.7645115548185,1140.6938042473278,0.977579723793354,1.2532807432520054
2045,37.27538300025286,-121.71882146163227,898.8211804913336,1140.6938042473278,0.9748205368006491,0.746662818934105
2073,37.261687699820314,-122.21525209793526,91.18928637573495,1140.6938042473278,0.8799335181411734,0.39230961284048266
2074,37.261536057264124,-122.19269881564362,41.98838789418056,1140.6938042473278,0.9080453727400623,0.32546121491330604
2075,37.26138011915944,-122.17014570464022,3.7697805194202574,1140.6938042473278,0.9398204919223243,0.2006897791293991
2076,37.26121988560907,-122.14759276970773,13.887899370827638,1140.6938042473278,0.8630822922392243,0.26368157633198314
2077,37.261055356718686,-122.12504001562888,58.921129834229276,1140.6938042473278,1.0165954058686655,0.38428990972467747
2078,37.26088653259673,-122.10248744718587,49.44415802849067,1140.6938042473278,1.0012579881875983,0.36696940439324105
2079,37.260713413354544,-122.07993506916085,43.50923449146697,1140.6938042473278,0.9387979493578684,0.3579372190561278
2080,37.26053599910623,-122.05738288633557,1649.0370384886169,1140.6938042473278,0.9185681867805836,0.9511822912959871
2081,37.260354289968774,-122.03483090349167,10063.539948364712,14750.57750103928,1.1516709542843642,1.2528946541464354
2082,37.260168286061976,-122.01227912541044,7575.647720018396,1908.9434999719165,0.9929349502833439,1.1586960184443496
2083,37.259977987508464,-121.98972755687288,12248.234122316215,4781.009674433123,1.0438679853752744,1.3095349021648353
2084,37.25978339443367,-121.96717620265974,16593.13299021913,34883.877871704855,1.171041219182551,1.4899540298675598
2085,37.2595845069659,-121.94462506755153,20812.661009200707,21221.377023676785,0.9894537171724932,1.7344902053106106
2086,37.25938132523625,-121.9220741563283,25038.73026165286,14123.87506763141,0.9975832260756439,1.8802680959078397
2087,37.25917384937868,-121.89952347377009,31164.06761711759,7097.502145983145,1.0346657205198477,1.6570187585739098
2088,37.258962079529944,-121.87697302465638,27884.46750875473,23300.757921920456,1.1168020230428812,1.7559139743580932
2089,37.25874601582964,-121.85442281376642,26159.009225877748,24238.00775872452,1.0068522879381177,1.755482442668271
2090,37.2585256584202,-121.83187284587922,33839.161834115366,8397.044567715659,1.0011682060589049,2.028175469990711
2091,37.25830100744685,-121.80932312577333,42514.757388222155,14548.725888216173,1.1378419427692645,1.9102342723188104
2092,37.2580720630577,-121.78677365822709,7949.3658686614635,6689.953174405039,0.9922123120869341,1.3646251652571801
2093,37.257838825403645,-121.76422444801844,1816.2719473471768,1140.6938042473278,0.9247002729737893,0.9407373979060226
2094,37.25760129463841,-121.74167549992497,813.2400712452784,1140.6938042473278,0.9698549000308677,0.7954075608086794
2095,37.25735947091856,-121.71912681872396,136.84808867653354,1140.6938042473278,0.9693101863853009,0.49850481885924186
2123,37.2436613058153,-122.21543905240199,20.034347960292838,1140.6938042473278,0.8972412211232158,0.28070836280597883
2124,37.243509761628246,-122.19289114169108,8.491712646967025,1140.6938042473278,0.9503751699060646,0.22026056423228413
2125,37.243353924678786,-122.17034340210839,9.095779299467297,1140.6938042473278,0.9243734194044566,0.2189084288469232
2126,37.2431937950696,-122.14779583843229,42.32017986875038,1140.6938042473278,0.9794381524514782,0.34410931808931555
2127,37.24302937290627,-122.12524845544084,29.70015796283389,1140.6938042473278,0.9946050492975689,0.29931469617379597
2128,37.24286065829715,-122.10270125791197,29.123343159873254,1140.6938042473278,1.0036328646510686,0.3493191557425868
2129,37.24268765135344,-122.08015425062327,28.774981791925434,1140.6938042473278,1.0097742421024887,0.33376528137516176
2130,37.24251035218916,-122.05760743835208,121.16620869503348,1140.6938042473278,0.9045550349027863,0.4156143624041156
2131,37.24232876092116,-122.03506082587549,1584.919782686962,1140.6938042473278,0.9310332040509008,0.8680413522818529
2132,37.242142877669124,-122.01251441797035,3962.4112336306735,2758.0952945222693,0.9639464216821069,1.1842796760114742
2133,37.24195270255557,-121.9899682194133,8668.121739045317,5063.029001349666,0.9535094610532862,1.219407741379513
2134,37.2417582357058,-121.96742223498056,14326.879558470295,26557.960628946414,1.0944313153758414,1.430470049324514
2135,37.24155947724801,-121.94487646944812,19224.27919779871,3817.886999943833,1.0664630640170272,1.6175603544766002
2136,37.24135642731314,-121.9223309275917,23209.593859738823,14733.27614587081,0.9849096482055952,1.7978298249151716
2137,37.24114908603504,-121.89978561418674,28918.23924113002,17605.342320332016,1.1138338946189703,1.9469659431144073
2138,37.24093745355031,-121.87724053400837,22121.82827604131,9650.542134190131,1.1254556382204883,1.7148821290609815
2139,37.24072152999844,-121.85469569183131,25343.012510153083,10915.389145926978,1.0106399966709063,1.5733976123158908
2140,37.24050131552169,-121.83215109243014,26126.423845245346,5726.830499915751,1.0714750791237633,1.787613053464822
2141,37.24027681026518,-121.80960674057897,31016.10600702363,16457.66938818809,0.9854217874468116,1.8920479860656394
2142,37.24004801437684,-121.78706264105172,13239.30316630793,11878.511326578075,0.9981376794271343,1.508004892930408
2143,37.23981492800744,-121.76451879862176,12938.77266955947,8468.173792050538,0.966658218766466,1.3409524710373766
2144,37.239577551310546,-121.74197521806235,1435.2153087623904,1140.6938042473278,0.8680639128557394,0.7617494052853789
2145,37.23933588444256,-121.7194319041462,392.9359842038152,1140.6938042473278,0.9139411536157648,0.5599979480540754
2173,37.22563485599648,-122.21562584051898,0.40723652606677446,1140.6938042473278,0.9919843175444529,0.10426868282397561
2174,37.22548341013245,-122.19308329661021,4.5537368285305915,1140.6938042473278,0.9054310609680113,0.2123525085898352
2175,37.22532767429077,-122.17054092366995,13.47493878571077,1140.6938042473278,0.8626863217328179,0.26435875737794845
2176,37.22516764857404,-122.14799872647207,19.67571588091054,1140.6938042473278,0.9642915952863458,0.2904192925640415
2177,37.225003333087734,-122.12545670979026,29.16445869657907,1140.6938042473278,1.0383000510676825,0.2992609112880489
2178,37.22483472794009,-122.10291487839793,39.779545955820566,1140.6938042473278,1.0112697047106316,0.3733985042924998
2179,37.224661833242216,-122.08037323706814,30.859712342146665,1140.6938042473278,0.9774473639179423,0.3522733602780274
2180,37.22448464910801,-122.0578317905739,65.41592738035166,1140.6938042473278,1.0394134742646537,0.41125978272561325
2181,37.22430317565421,-122.03529054368782,72.42644246332267,1140.6938042473278,0.8608745298552352,0.3681090923630828
2182,37.22411741300037,-122.01274950118228,513.7458431306802,1140.6938042473278,0.9757731374323628,0.594844493321431
2183,37.2239273612689,-121.99020866782936,8466.565217565985,30273.123881997664,1.1101578893422972,1.3365680071237007
2184,37.223733020585,-121.96766804840095,13029.473444203533,26314.754506254074,1.0724387080623674,1.5288101667174145
2185,37.22353439107669,-121.94512764766863,3444.645638987817,1140.6938042473278,0.9050797960551409,1.0690807857568656
2186,37.22333147287482,-121.92258747040357,3039.1884534374854,1140.6938042473278,0.9949299643689514,0.9403636831621814
2187,37.223124266113096,-121.90004752137678,13557.36495184756,2872.0661744612057,0.9628097316091809,1.4714598995431003
2188,37.222912770927984,-121.87750780535889,17963.913175436555,1847.8573079728155,0.9849478561252866,1.4373449426510203
2189,37.222696987458846,-121.85496832712032,14271.559537524336,10305.988447563106,1.0019426230607331,1.3465519591627149
2190,37.22247691584781,-121.83242909143102,7971.582604153307,1140.6938042473278,0.9416179159390462,1.3291309888509713
2191,37.22225255623982,-121.80989010306078,8217.283635045766,1908.9434999719165,0.9171416994739998,1.2429700238710475
2192,37.222023908782695,-121.78735136677889,10752.329363639872,16865.217979890665,1.0726822381648076,1.3363555598149208
2193,37.22179097362704,-121.76481288735452,11836.130559628646,9767.716023845287,0.9719888024121479,1.2959200842600564
2194,37.22155375092627,-121.74227466955631,419.54039099495674,1140.6938042473278,0.9717960332038177,0.622116112525073
2195,37.22131224083664,-121.7197367181526,35.1160067084302,1140.6938042473278,0.9963143143063635,0.3305913528342093
2223,37.20760835037417,-122.21581246244152,2.5459653917132132,1140.6938042473278,0.9550487549934324,0.1857741835117287
2224,37.20745700278709,-122.19327528056078,22.906598442685784,1140.6938042473278,0.8846007737628434,0.2722350393133558
2225,37.20730136800581,-122.17073826948909,44.348630578982316,1140.6938042473278,0.9236274785067702,0.3370379501866062
2226,37.20714144613286,-122.14820143399582,109.66004665212749,1140.6938042473278,0.855232246777482,0.39870047408876375
2227,37.20697723727359,-122.1256647788502,132.9835366310606,1140.6938042473278,0.9919961232290506,0.48517466679300447
2228,37.20680874153615,-122.10312830882118,20.743078898607767,1140.6938042473278,0.8889084176505256,0.3081331492833029
2229,37.2066359590315,-122.08059202867747,34.37575750577897,1140.6938042473278,0.8827326385996785,0.33079611255460245
2230,37.20645888987347,-122.05805594318751,185.8008310330577,1140.6938042473278,0.9751681013577382,0.5538789128754346
2231,37.20627753417866,-122.03552005711954,109.89216572370621,1140.6938042473278,0.8893374429387814,0.44868182331832696
2232,37.20609189206653,-122.01298437524144,181.91531552957417,1140.6938042473278,0.8557277645185414,0.5327777078914595
2233,37.20590196365935,-121.99044890232089,391.27321690325385,1140.6938042473278,0.9540616848775095,0.5487105070015026
2234,37.20570774908219,-121.96791364312531,752.1503973831009,1140.6938042473278,0.9883361843650584,0.6949490249595993
2235,37.20550924846295,-121.94537860242181,109.70964170818493,1140.6938042473278,1.0132608737918116,0.44410534475315094
2236,37.20530646193237,-121.92284378497709,166.77041190587283,1140.6938042473278,0.9029752202010968,0.45333761679768164
2237,37.20509938962402,-121.90030919555784,561.7339207469104,1140.6938042473278,0.8870882311596643,0.7076903197370988
2238,37.204888031674216,-121.87777483893012,3383.7889425515796,1140.6938042473278,0.9806926032345838,0.9437586675452154
2239,37.20467238822219,-121.85524071985992,12968.172805583581,1140.6938042473278,0.8723451834242761,1.5945470805286266
2240,37.20445245940992,-121.8327068431128,12596.58687186894,1140.6938042473278,0.9595278209884522,1.5474641331472463
2241,37.20422824538224,-121.81017321345406,481.03454995961255,1140.6938042473278,1.034487392305857,0.6094598832651733
2242,37.203999746286804,-121.7876398356486,231.8789993751796,1140.6938042473278,0.9583224421634164,0.580583651609113
2243,37.20376696227405,-121.76510671446104,28.039647184845833,1140.6938042473278,0.9131342032727966,0.2855206394828642
2244,37.20352989349728,-121.74257385465565,122.78153569061993,1140.6938042473278,0.963391171607571,0.41272767545420314
2245,37.20328854011258,-121.7200412609964,261.98978793238024,1140.6938042473278,0.9942855797449186,0.5190258222129749
2273,37.18958178895869,-122.21599891832467,6.103107926842786,1140.6938042473278,0.9639537115038361,0.20102951548538303
2274,37.18943053960251,-122.19346709370234,138.19460660348508,1140.6938042473278,0.9044739143566823,0.4997910526010735
2275,37.189275005834325,-122.1709354397297,397.1424244019184,1140.6938042473278,0.8942885710134607,0.6318308832876326
2276,37.18911518775654,-122.14840396117185,539.4770499614563,2333.153166632343,0.9596065881394175,0.655714626858729
2277,37.18895108547437,-122.12587266279345,183.68395989191094,1140.6938042473278,1.0380050521033353,0.5065044842863189
2278,37.18878269909588,-122.10334154935907,38.20793931958077,1140.6938042473278,0.8975386568920585,0.34519839765430077
2279,37.18861002873195,-122.08081062563292,112.45537807267826,1140.6938042473278,0.8610844083556867,0.41986899816919354
2280,37.18843307449625,-122.05827989637909,140.48888854548642,1140.6938042473278,0.8909720533639148,0.5173958918765971
2281,37.188251836505316,-122.03574936636127,319.5836228127882,1140.6938042473278,1.0323463951468632,0.6140742501912072
2282,37.188066314878455,-122.01321904034299,551.3027680499648,1140.6938042473278,0.9648592015462503,0.6191973620725826
2283,37.18787650973781,-121.99068892308743,230.63280410503066,1140.6938042473278,1.0108743342542443,0.5806224573825983
2284,37.18768242120835,-121.96815901935757,14.754423516132583,1140.6938042473278,1.0140128640839507,0.26848818365373656
2285,37.18748404941786,-121.94562933391605,19.100348643235773,1140.6938042473278,0.938667891566269,0.2860185632839739
2286,37.18728139449693,-121.92309987152521,11.180515816655182,1140.6938042473278,1.0122576930136074,0.2524861339670456
2287,37.18707445657898,-121.90057063694721,2.8810001587628777,1140.6938042473278,0.9634373938641277,0.16274898518865225
2288,37.18686323580025,-121.87804163494378,23.909266642462377,1140.6938042473278,0.8714484576329828,0.30727864488272
2289,37.18664773229979,-121.85551287027637,991.2428542032685,1140.6938042473278,0.8852887580020012,0.6976351513867255
2290,37.18642794621945,-121.83298434770619,2574.4795425818143,1140.6938042473278,0.892566635539852,0.9387765774022748
2291,37.18620387770394,-121.810456071994,574.5192499339596,1140.6938042473278,1.0404303363931686,0.7159872065166614
2292,37.18597552690072,-121.78792804790032,335.3714039382873,1140.6938042473278,0.9046867331992458,0.6417703550508447
2293,37.18574289396016,-121.76540028018535,33.68940003651449,1140.6938042473278,0.8849156105342105,0.31814570531930664
2294,37.185505979035334,-121.74287277360888,46.458068939683734,1140.6938042473278,0.9095032775859426,0.38407754879805467
2295,37.185264782282204,-121.72034553293044,223.18469598164256,1140.6938042473278,0.9496812304457284,0.5288956501458243
